country,2000_G,2001_G,2002_G,2003_G,2004_G,2005_G,2006_G,2007_G,2008_G,2009_G,2010_G,2011_G,2012_G,2013_G,2014_G,2015_G,2016_G,2017_G,2018_G,2019_G,2020_G,2000_GDP,2001_GDP,2002_GDP,2003_GDP,2004_GDP,2005_GDP,2006_GDP,2007_GDP,2008_GDP,2009_GDP,2010_GDP,2011_GDP,2012_GDP,2013_GDP,2014_GDP,2015_GDP,2016_GDP,2017_GDP,2018_GDP,2019_GDP,2000_H,2001_H,2002_H,2003_H,2004_H,2005_H,2006_H,2007_H,2008_H,2009_H,2010_H,2011_H,2012_H,2013_H,2014_H,2015_H,2016_H,2017_H,2018_H
Afghanistan,36.8,36.8,36.8,36.8,36.8,36.8,36.8,36.8,36.8,36.8,36.8,36.8,36.8,36.8,36.8,36.8,36.8,36.8,36.8,36.8,36.8,-1.05,-10.4,22.1,8.04,2.5,8.61,1.59,10.8,0.117,17.3,5.17,3.85,11.2,1.13,0.837,2.11,2.68,2.76,3.02,3.38,0.345,0.347,0.378,0.387,0.4,0.41,0.419,0.431,0.436,0.447,0.464,0.465,0.479,0.485,0.488,0.49,0.491,0.493,0.496
Albania,30.2,30.7,31,31.1,31,30.7,30.4,30.2,30,29.7,29.5,29.3,29.1,29,29,29,29,29,29,29,29,6.79,6.69,2.86,5.45,5.36,4.96,5.27,5.41,6.84,2.91,2.98,2.49,2.28,1.72,2.61,3.82,4.72,5.03,5.03,5.23,0.667,0.673,0.68,0.687,0.692,0.702,0.709,0.718,0.724,0.729,0.74,0.759,0.771,0.781,0.787,0.788,0.788,0.789,0.791
Algeria,33.1,32.6,32.2,31.7,31.2,30.8,30.3,29.9,29.4,29,28.5,28.2,27.9,27.7,27.6,27.6,27.6,27.6,27.6,27.6,27.6,0.995,1.13,2.55,5.46,3.84,3.8,0.188,1.85,0.472,0.179,2.06,0.857,1.16,1.61,2.18,2.1,2.36,2.5,2.63,2.68,0.646,0.655,0.666,0.676,0.685,0.694,0.699,0.708,0.711,0.72,0.73,0.738,0.737,0.746,0.749,0.751,0.755,0.758,0.759
Andorra,40,40,40,40,40,40,40,40,40,40,40,40,40,40,40,40,40,40,40,40,40,0.401,10,3.58,4.17,4.18,4.21,2.37,-1.7,-5.6,-6.31,-4.78,-4.3,,,,,,,,,0.759,0.767,0.78,0.82,0.826,0.819,0.829,0.829,0.831,0.83,0.828,0.827,0.849,0.846,0.853,0.85,0.854,0.852,0.857
Angola,51.8,51.3,50.6,49.7,48.5,47.3,46.2,45,44.1,43.4,42.9,42.7,42.6,42.6,42.6,42.6,42.6,42.6,42.6,42.6,42.6,-0.0561,-0.171,10.7,-0.247,7.45,16.6,15,19.6,10.6,-0.464,0.594,1.03,2.13,1.03,2.24,2.46,2.77,0.262,3.46,3.55,0.394,0.404,0.419,0.428,0.44,0.453,0.466,0.482,0.494,0.508,0.51,0.525,0.537,0.547,0.557,0.565,0.57,0.576,0.574
Antigua and Barbuda,40,40,40,40,40,40,40,40,40,40,40,40,40,40,40,40,40,40,40,40,40,-0.683,0.251,0.811,3.67,5.75,3.29,11.3,5.78,0.378,-11.7,-8.53,-2.96,2.79,0.468,1.62,1.9,2.2,2.2,2.2,2.2,..,..,..,..,..,0.773,0.779,0.784,0.783,0.776,0.772,0.764,0.767,0.767,0.767,0.77,0.772,0.774,0.776
Argentina,51.7,51.7,51.4,50.8,49.4,47.9,46.7,45.8,44.9,44,43,42.3,41.8,41.6,41.6,41.8,42.1,42.3,42.4,42.4,42.4,-1.85,-5.47,-12,7.77,7.92,8.12,7.25,7.44,5.57,-0.276,7.94,7.65,0.761,3.09,-0.622,-0.128,0.367,0.861,0.861,0.861,0.77,0.775,0.77,0.775,0.775,0.777,0.801,0.806,0.81,0.81,0.818,0.823,0.823,0.824,0.825,0.828,0.828,0.832,0.83
Armenia,36.2,35,35.3,35.3,34.2,33.5,32.7,30.8,29.6,29.6,29.2,29.5,30.2,30.7,31.3,31.9,32.3,32.5,32.6,32.6,32.6,6.08,10.1,15.6,14.4,10.9,14.3,13.1,13.6,6.69,-15,1.19,3.66,6.92,2.98,4.05,4.29,4.49,4.79,4.79,4.79,0.649,0.653,0.663,0.672,0.681,0.694,0.708,0.724,0.727,0.724,0.729,0.733,0.737,0.743,0.746,0.748,0.751,0.758,0.76
Australia,33.3,33.4,33.5,33.7,34,34.3,34.7,34.9,35,34.2,33.6,32.9,32.4,31.9,32.2,32.3,32.3,32.3,32.3,32.3,32.3,0.891,2.74,2.15,3.08,1.47,2.18,1.24,2.99,0.724,-0.16,1.44,1.06,1.78,1.17,1.41,1.48,1.73,1.7,1.71,1.77,0.898,0.9,0.903,0.904,0.907,0.902,0.905,0.908,0.922,0.923,0.926,0.928,0.932,0.926,0.929,0.933,0.935,0.937,0.938
Austria,28.6,29,29.3,29.3,29.4,29.6,29.8,30.2,30.5,30.7,30.7,30.8,30.6,30.6,30.6,30.6,30.5,30.5,30.5,30.5,30.5,3.12,0.587,0.687,0.998,2.18,1.95,3.13,3.29,1,-4.09,1.75,2.29,0.336,0.131,1.27,1.31,1.2,1.03,1.03,0.991,0.838,0.849,0.838,0.842,0.849,0.855,0.861,0.881,0.884,0.886,0.895,0.897,0.899,0.896,0.904,0.906,0.909,0.912,0.914
Azerbaijan,35.8,35.5,34.9,34.1,33,32.3,31.9,31.7,31.8,32.1,32.2,32.4,32.4,32.4,32.4,32.4,32.4,32.4,32.4,32.4,32.4,10.8,9.58,10.2,10.7,11,23.6,32.8,23.4,9.36,7.86,3.79,-1.15,0.792,4.96,4.13,3.78,2.66,2.4,3.16,3.4,0.641,0.649,0.658,0.667,0.674,0.681,0.707,0.712,0.721,0.734,0.732,0.731,0.736,0.741,0.746,0.749,0.749,0.752,0.754
Bahamas,43.7,43.7,43.7,43.7,43.7,43.7,43.7,43.7,43.7,43.7,43.7,43.7,43.7,43.7,43.7,43.7,43.7,43.7,43.7,43.7,43.7,0.466,-0.564,0.933,-0.29,0.0122,1.2,1.27,0.236,-3.46,-5.94,-0.928,0.506,0.707,0.75,1.17,1.64,1.69,1.36,1.33,1.17,0.787,0.788,0.79,0.789,0.79,0.791,0.794,0.794,0.794,0.793,0.795,0.795,0.797,0.797,0.796,0.799,0.8,0.804,0.805
Bahrain,40,40,40,40,40,40,40,40,40,40,40,40,40,40,40,40,40,40,40,40,40,3.27,2.79,3.42,5.48,3.94,6.14,4.56,6.26,4.22,-22.6,-1.65,0.0996,1.37,2.82,2.64,1.23,1.24,1.45,1.51,1.46,0.792,0.792,0.792,0.793,0.792,0.792,0.793,0.796,0.796,0.794,0.796,0.798,0.8,0.807,0.81,0.834,0.839,0.839,0.838
Bangladesh,33.3,33.3,33.3,33.3,33.2,33.1,33,32.8,32.6,32.4,32.3,32.2,32.2,32.3,32.3,32.3,32.4,32.4,32.4,32.4,32.4,3.94,3.24,2.35,3.13,4.22,3.81,5.2,5.12,4.85,4.79,5.21,5.38,4.87,4.67,4.93,5.41,5.66,5.9,5.9,5.9,0.47,0.479,0.485,0.492,0.499,0.506,0.514,0.521,0.524,0.535,0.549,0.559,0.567,0.572,0.572,0.588,0.599,0.609,0.614
Barbados,45.2,45.1,44.9,44.8,44.7,44.5,44.4,44.2,44.1,44,43.9,43.8,43.8,43.8,43.8,43.8,43.8,43.8,43.8,43.8,43.8,1.84,-2.99,0.0747,1.62,3.3,3.73,5.47,1.41,0.128,-4.33,-0.0153,0.311,-0.24,-0.948,-1.46,0.64,1.36,1.52,2.08,2.08,0.771,0.77,0.774,0.778,0.782,0.786,0.791,0.796,0.799,0.801,0.799,0.802,0.811,0.812,0.812,0.812,0.814,0.813,0.813
Belarus,31.2,30.5,29.5,28.8,28.3,28.1,28,28.2,28.4,28.2,27.6,27.3,27.2,26.8,26.8,26.9,27,26.9,27,27,27,5.96,4.87,5.15,6.94,11.5,9.41,10.4,8.92,12.3,0.311,7.96,6.07,1.9,0.911,2.09,3.01,3.26,3.19,3.27,3.3,0.682,0.689,0.696,0.704,0.714,0.724,0.74,0.756,0.774,0.784,0.792,0.798,0.803,0.808,0.811,0.811,0.812,0.815,0.817
Belgium,27.8,28,28.6,28.9,28.8,29.1,29.1,28.7,28.5,28.5,28.2,28,27.9,27.8,27.8,27.8,27.8,27.7,27.7,27.7,27.7,3.47,0.507,1.31,0.822,2.81,1.51,2.03,2.17,0.206,-3.56,1.6,0.297,-0.984,-0.351,0.955,0.781,0.654,0.723,0.764,0.857,0.873,0.876,0.879,0.882,0.885,0.889,0.896,0.899,0.899,0.899,0.903,0.904,0.905,0.908,0.91,0.913,0.915,0.917,0.919
Belize,53.6,53.3,53.3,53.3,53.3,53.3,53.3,53.3,53.3,53.3,53.3,53.3,53.3,53.3,53.3,53.3,53.3,53.3,53.3,53.3,53.3,9.24,1.89,1.96,5.94,1.35,-0.144,2.26,-3.46,1.39,-1.53,1.2,0.245,2.32,-0.141,0.744,0.744,0.744,0.744,0.744,0.744,0.643,0.647,0.655,0.663,0.668,0.666,0.676,0.678,0.683,0.688,0.693,0.699,0.706,0.707,0.71,0.715,0.722,0.719,0.72
Benin,39.1,38.9,38.9,39,39.3,39.7,40.2,40.7,41.3,41.8,42.4,43.1,44,45.1,46,46.9,47.5,47.8,47.8,47.8,47.8,2.73,1.97,2.97,0.959,0.222,0.0626,0.616,1.52,1.96,-0.276,-0.323,0.686,2.55,2.87,2.79,2.59,2.27,2.35,2.42,2.5,0.398,0.41,0.419,0.426,0.434,0.44,0.447,0.455,0.462,0.468,0.473,0.479,0.489,0.5,0.505,0.51,0.512,0.515,0.52
Bhutan,40.9,40.9,40.8,40.5,40.1,39.5,39,38.6,38.4,38.4,38.5,38.6,38.6,38.5,38.3,38,37.8,37.6,37.5,37.4,37.4,4.73,4.24,6.9,4.62,4.1,4.17,4.41,15.6,2.76,4.89,9.79,6.7,5.77,4.74,6.14,7.34,7.97,8.4,11.3,7.8,..,..,..,..,..,0.512,0.524,0.539,0.547,0.559,0.571,0.581,0.591,0.594,0.601,0.606,0.61,0.615,0.617
Bolivia,58.9,58.7,58.1,57.5,57.3,56.4,55.1,54,51.8,49.7,48.1,47.4,47.1,47,46.7,46.3,45.7,45.1,44.6,44.6,44.6,0.507,-0.134,0.682,1.1,2.26,2.53,2.62,2.43,4.03,1.34,2.14,3.17,3.21,4.81,3.14,3.04,3.04,3.04,3.04,3.04,0.616,0.619,0.625,0.629,0.63,0.632,0.638,0.638,0.647,0.651,0.656,0.66,0.663,0.673,0.678,0.685,0.692,0.7,0.703
Bosnia and Herzegovina,30.2,30.8,31.6,32.3,33,33.4,33.5,33.3,33.1,33,33,33,32.9,32.9,32.8,32.7,32.7,32.7,32.7,32.7,32.7,3.39,2.57,2.35,1.31,3.6,2.99,5.95,6.2,5.73,-2.74,0.908,1.44,-1.05,1.36,2.18,3.41,3.94,4.26,4.2,4.24,0.669,0.675,0.681,0.686,0.692,0.7,0.706,0.713,0.72,0.72,0.714,0.722,0.741,0.748,0.754,0.755,0.765,0.767,0.769
Botswana,63.4,63.9,64.1,64.1,63.9,63.5,62.9,62.3,61.7,61.2,60.8,60.6,60.5,60.5,60.5,60.5,60.5,60.5,60.5,60.5,60.5,7.34,4.31,4.36,3.52,2.91,2.85,4.29,3.47,1.76,-5.87,5.76,3.85,2.96,2.72,2.88,3.17,2.86,2.81,2.77,2.57,0.578,0.58,0.576,0.583,0.589,0.598,0.612,0.625,0.638,0.647,0.66,0.676,0.687,0.699,0.709,0.714,0.719,0.724,0.728
Brazil,58.8,58.4,57.9,57.4,56.8,56.2,55.5,54.9,54.3,53.8,53.3,53.1,52.6,52.2,51.9,51.6,51.4,51.3,51.3,51.3,51.3,3.03,-0.416,1.35,-0.256,4.33,1.59,2.87,5.06,4.21,-1.21,6.6,1.84,0.22,1.37,0.952,1.81,2.19,2.36,2.59,2.79,0.684,0.691,0.698,0.694,0.697,0.7,0.701,0.705,0.716,0.718,0.726,0.73,0.734,0.752,0.755,0.755,0.757,0.76,0.761
Brunei,40,40,40,40,40,40,40,40,40,40,40,40,40,40,40,40,40,40,40,40,40,0.438,0.359,1.48,0.568,-1.73,-1.8,2.68,-1.33,-3.25,-3.08,0.821,0.668,-0.675,-2.73,3.76,1.39,2.07,3.85,3.98,1.87,0.805,0.806,0.809,0.815,0.82,0.824,0.827,0.827,0.828,0.831,0.832,0.836,0.843,0.844,0.845,0.843,0.844,0.843,0.845
Bulgaria,30.4,30.6,30.9,31.4,32,32.3,33.2,33.7,34.2,33.9,34.7,35.3,36,36.3,37,37.3,37.4,37.4,37.4,37.4,37.4,6.41,5.18,5.95,5.31,7.6,7.24,7.06,6.99,6.66,-4.94,1.18,4.31,1.21,1.47,2.11,3.02,3.52,3.52,3.52,3.52,0.712,0.722,0.729,0.738,0.745,0.75,0.756,0.764,0.771,0.774,0.779,0.782,0.786,0.792,0.797,0.807,0.812,0.813,0.816
Burkina Faso,47.3,45.9,44.7,43.7,42.8,42.1,41.5,40.9,40.3,39.6,38.8,38,37.1,36.4,35.8,35.5,35.3,35.3,35.3,35.3,35.3,-0.803,2.84,0.745,4.13,1.51,3.93,3.17,1.06,2.71,-0.0594,4.71,1.1,5.69,4.88,3.57,4.61,4.64,4.66,4.13,4.76,0.286,0.29,0.296,0.303,0.312,0.324,0.333,0.344,0.357,0.366,0.375,0.385,0.394,0.401,0.405,0.413,0.42,0.429,0.434
Burundi,40.6,39.8,38.5,37.2,35.9,35,34.5,34.4,34.7,35.3,36,36.6,37.3,37.8,38.2,38.5,38.6,38.6,38.6,38.6,38.6,-2.56,-0.733,1.34,-4.32,1.08,-2.71,3.32,2.73,2.59,1.04,1.35,1.75,1.58,2.02,2.28,2.34,2.54,2.73,2.93,2.89,0.293,0.294,0.304,0.312,0.322,0.329,0.351,0.363,0.375,0.391,0.402,0.41,0.416,0.422,0.429,0.427,0.427,0.421,0.423
Cambodia,42,42,42,42,42,42,42,42,42,42,42,42,42,42,42,42,42,42,42,42,42,5.13,6.56,8.87,6.67,7.6,11.1,8.15,8.98,4.95,-1.56,5.04,6.02,6.23,5.96,6.18,6.25,6.23,6.47,6.39,6.42,0.419,0.434,0.453,0.466,0.478,0.49,0.502,0.516,0.521,0.524,0.535,0.542,0.548,0.555,0.561,0.566,0.572,0.578,0.581
Cameroon,42.7,42.5,42.4,42.4,42.5,42.6,42.8,43.1,43.5,43.9,44.5,45,45.5,46,46.3,46.5,46.6,46.6,46.6,46.6,46.6,1.85,2.98,4.14,1.73,1.51,-0.106,0.411,0.039,0.805,-0.906,0.8,1.56,2.03,2.1,2.21,2.49,2.66,2.74,2.82,2.78,0.439,0.455,0.457,0.463,0.468,0.469,0.47,0.481,0.489,0.497,0.471,0.513,0.524,0.531,0.54,0.548,0.556,0.56,0.563
Canada,33.3,33.4,33.5,33.6,33.7,33.8,33.8,33.8,33.7,33.7,33.7,33.8,33.3,32.8,32.2,31.7,31.1,31.1,31.1,31.1,31.1,4.15,0.376,2.33,0.919,2.12,2.13,1.61,1,-0.067,-3.98,1.95,1.48,0.541,0.837,1.18,1.34,1.35,1.26,1.13,1.07,0.868,0.872,0.877,0.882,0.887,0.892,0.895,0.891,0.893,0.893,0.895,0.899,0.906,0.91,0.914,0.917,0.92,0.921,0.922
Cape Verde,52.5,52.3,52,51.4,50.7,49.8,49,48.3,47.7,47.4,47.2,47.2,47.2,47.2,47.2,47.2,47.2,47.2,47.2,47.2,47.2,5.65,5.03,4.1,3.8,3.54,5.14,8.5,7.09,4.72,2.29,3.76,3.6,0.214,-0.699,1.79,2.27,2.8,2.76,2.74,2.78,0.564,0.566,0.576,0.58,0.586,0.592,0.606,0.615,0.622,0.623,0.626,0.633,0.634,0.641,0.641,0.643,0.645,0.647,0.651
Central African Republic,48.9,47.2,46.2,46.2,47,48.7,51.2,53.2,54.7,55.7,56.2,56.2,56.2,56.2,56.2,56.2,56.2,56.2,56.2,56.2,56.2,-0.182,-1.14,-1.97,-9.06,-0.109,0.588,2.72,2.56,0.0531,-1.9,0.533,0.781,2.11,-37.3,-0.489,3.27,3.67,3.67,3.77,3.67,0.307,0.311,0.314,0.314,0.319,0.323,0.328,0.334,0.339,0.346,0.355,0.363,0.37,0.351,0.355,0.362,0.372,0.376,0.381
Chad,39.7,39.8,39.9,40.1,40.4,40.7,41.1,41.6,42,42.4,42.8,43.1,43.2,43.3,43.3,43.3,43.3,43.3,43.3,43.3,43.3,-2.14,6.6,6.64,11.3,29.7,4.77,-2.29,-2.26,-0.827,-3.61,10.2,-1.92,6.23,1.1,8.09,4.71,2.15,0.785,0.764,0.999,0.298,0.306,0.311,0.31,0.326,0.331,0.337,0.345,0.35,0.366,0.374,0.385,0.393,0.399,0.406,0.403,0.398,0.401,0.401
Chile,53.3,52.5,51.8,51.1,50.3,49.6,49,48.7,48.5,48.4,48.2,47.9,47.6,47.5,47.5,47.5,47.6,47.7,47.7,47.7,47.7,3.26,2.2,1.06,2.82,5.12,5.26,4.76,4.16,2.04,-1.85,4.75,4.96,4.51,3.31,2.73,3.15,3.44,3.71,3.72,3.72,0.753,0.764,0.767,0.773,0.782,0.788,0.787,0.801,0.811,0.819,0.8,0.812,0.818,0.83,0.834,0.839,0.843,0.845,0.847
China,39.3,40,40.4,40.7,40.9,41.1,41.5,41.9,42.3,42.5,42.5,41.9,41.3,40.6,40,39.4,39.2,39.1,39.1,39.1,39.1,4.83,6.22,10.2,7.59,9.64,9.48,11.8,10.7,1.68,6.96,6.82,5.07,7.12,7.14,7.01,6.75,6.44,6.23,6.1,5.99,0.591,0.599,0.61,0.622,0.631,0.643,0.657,0.67,0.681,0.69,0.702,0.711,0.719,0.727,0.735,0.742,0.749,0.753,0.758
Colombia,57.7,56.8,56,55,54.4,54.2,54.6,54.5,54.7,54.6,54.2,53.7,53.4,52.7,52.1,51.7,51.3,50.9,50.8,50.8,50.8,1.21,-0.201,0.301,2.26,3.31,3.71,5.43,5.63,2.33,0.459,2.75,5.39,2.99,3.04,3.26,3.25,3.3,3.27,3.27,3.31,0.662,0.664,0.667,0.666,0.68,0.693,0.7,0.713,0.72,0.724,0.729,0.735,0.736,0.746,0.75,0.753,0.759,0.76,0.761
Comoros,48,48.8,50.4,51.8,52.9,53.9,53.8,52.8,51.7,50.6,49.6,48.5,47.5,46.6,46,45.5,45.3,45.3,45.3,45.3,45.3,-1.22,0.628,1.41,-0.233,-2.89,1.46,-1.45,-2.18,-1.69,-0.855,-0.584,-0.375,0.843,1.39,1.82,1.83,1.83,1.86,1.86,1.86,0.457,0.462,0.467,0.473,0.474,0.48,0.487,0.492,0.499,0.506,0.513,0.524,0.529,0.532,0.534,0.535,0.537,0.539,0.538
"Congo, Dem. Rep.",42.2,42.2,42.2,42.2,42.2,42.2,42.2,42.1,42.1,42.1,42.1,42.1,42.1,42.1,42.1,42.1,42.1,42.1,42.1,42.1,42.1,-9.14,-4.72,0.508,2.65,3.47,4.67,2.6,3.31,3.26,-0.00009,4.33,4.09,4.04,5.32,5.52,5.38,4.8,4.14,3.39,2.49,0.333,0.333,0.34,0.349,0.357,0.364,0.372,0.382,0.393,0.4,0.416,0.419,0.423,0.429,0.441,0.445,0.453,0.456,0.459
"Congo, Rep.",46.8,46.9,47,47.1,47.3,47.4,47.6,47.9,48.1,48.4,48.6,48.8,48.9,48.9,48.9,48.9,48.9,48.9,48.9,48.9,48.9,4.82,1.3,2.18,-1.48,1.15,4.98,3.45,-4.29,3.01,4.63,5.99,2.02,0.887,2.27,5.79,3.51,5.89,8.61,2.5,0.455,0.495,0.501,0.504,0.504,0.508,0.506,0.508,0.523,0.538,0.55,0.557,0.559,0.571,0.581,0.595,0.614,0.613,0.609,0.609
Costa Rica,48.8,49.6,49.7,49.7,49.3,48.8,48.6,49.1,49.2,49.1,48.9,49.1,48.7,48.7,48.7,48.7,48.6,48.6,48.7,48.7,48.7,0.458,-0.596,1.26,4.86,2.51,4.33,6.59,5.77,0.691,-2.89,6.02,3.01,3.77,1.24,1.53,1.83,2.02,2.22,2.22,2.22,0.711,0.714,0.717,0.72,0.724,0.728,0.734,0.742,0.75,0.751,0.754,0.768,0.774,0.777,0.785,0.786,0.789,0.792,0.794
Cote d'Ivoire,40.2,40.7,41.2,41.6,42,42.3,42.6,42.8,42.8,42.8,42.7,42.4,42.2,42,41.8,41.6,41.5,41.5,41.5,41.5,41.5,-4.66,-1.73,-3.31,-2.92,-0.345,0.0912,-0.978,-0.141,0.483,1.85,0.972,-6.69,6.56,4.94,5,4.51,4.52,4.23,3.77,2.65,0.407,0.408,0.409,0.411,0.417,0.425,0.43,0.435,0.441,0.448,0.454,0.457,0.467,0.475,0.478,0.494,0.508,0.512,0.516
Croatia,29.9,30.2,30.6,30.4,30.6,31,31.7,32.3,32.2,32.3,32.2,31.9,31.7,32,31.8,31.5,31.3,31.1,31.1,31.1,31.1,3.45,4.61,5.04,3.89,3.4,5.93,4.98,5.16,2.13,-6.84,-2.03,0.316,-1.87,-1,-0.618,0.4,1.3,1.94,2.1,2,0.749,0.761,0.767,0.773,0.779,0.785,0.794,0.801,0.805,0.804,0.811,0.817,0.82,0.825,0.827,0.83,0.832,0.835,0.837
Cuba,42.2,42.4,42.5,42.6,42.7,42.8,42.9,43,43.2,43.2,43.3,43.4,43.4,43.4,43.4,43.4,43.4,43.4,43.4,43.4,43.4,5.01,2.52,1.13,2.52,5.81,7.7,12,7.23,4.13,1.49,2.43,2.75,3.1,,,,,,,,0.686,0.692,0.693,0.704,0.718,0.73,0.752,0.768,0.778,0.78,0.776,0.775,0.764,0.762,0.764,0.768,0.771,0.777,0.778
Cyprus,30.1,30.1,30.1,30.1,30.3,30.5,30.9,31.3,31.5,31.8,32.4,33.5,34.2,34.7,35,34.9,34.3,34,34,34,34,3.95,2.84,0.911,0.352,1.87,1.08,2.22,2.59,0.922,-4.52,-1.19,-2.06,-3.51,-7.04,-5.77,-0.184,0.861,1.4,1.34,1.09,0.799,0.805,0.814,0.822,0.826,0.83,0.836,0.844,0.852,0.854,0.85,0.853,0.852,0.854,0.856,0.864,0.869,0.871,0.873
Czech Republic,26.7,26.9,27.1,27.2,27.1,26.9,26.7,26.4,26.4,26.3,26.3,26.3,26.3,26.2,26,26,25.9,25.9,25.9,25.9,25.9,3.81,2.57,1.97,3.65,4.51,6.4,6.7,5.36,2.17,-5.29,2.11,1.67,-1.2,-0.973,1.71,1.86,2,2.17,2.33,2.37,0.796,0.806,0.813,0.822,0.825,0.835,0.843,0.85,0.854,0.857,0.862,0.865,0.865,0.874,0.879,0.882,0.885,0.888,0.891
Denmark,24.6,24.9,25.1,25.2,25.4,25.6,25.5,25.8,26.2,26.5,26.8,27.5,27.8,28,28.2,28.3,28.2,28.2,28.2,28.2,28.2,3.37,0.499,0.233,0.158,1.89,2.85,3.09,1.22,-1.3,-6.28,1.15,0.634,-0.714,0.235,1.14,1.33,1.34,1.36,1.43,1.44,0.863,0.876,0.883,0.894,0.898,0.903,0.905,0.904,0.909,0.906,0.91,0.922,0.924,0.926,0.928,0.926,0.928,0.929,0.93
Djibouti,40.1,40.1,40.3,40.6,41,41.5,42.1,42.6,43.1,43.6,44.1,44.3,44.4,44.4,44.3,44.1,44.1,44.1,44.1,44.1,44.1,-0.372,0.276,0.474,1.22,0.574,1.1,1.91,2.22,2.92,2.17,0.669,1.62,1.98,2.14,3.1,3.55,3.6,3.6,3.11,2.92,0.361,0.37,0.376,0.386,0.394,0.402,0.414,0.424,0.432,0.437,0.446,0.451,0.459,0.467,0.475,0.482,0.489,0.492,0.495
Dominica,40,40,40,40,40,40,40,40,40,40,40,40,40,40,40,40,40,40,40,40,40,0.761,-3.63,-3.87,2.29,6.57,3.71,3.74,4.01,7.87,-0.723,0.791,1.99,-1.14,0.761,1.67,1.72,1.99,2.21,2.41,1.85,0.694,0.698,0.697,0.702,0.704,0.706,0.711,0.715,0.721,0.721,0.733,0.733,0.731,0.73,0.732,0.729,0.729,0.723,0.724
Dominican Republic,50.6,51.1,51.3,50.9,51.1,50.9,50,49.3,48.7,47.8,47.2,47.1,46.2,45.7,45.3,45.3,44.9,45.2,45.3,45.3,45.3,7.27,2.02,2.83,1.25,4.71,6.91,8.72,6.55,3.39,1.62,5.84,2.63,2.06,2.26,2.62,2.27,2.27,2.17,2.17,2.17,0.653,0.657,0.662,0.663,0.666,0.675,0.682,0.689,0.692,0.694,0.701,0.704,0.708,0.712,0.724,0.733,0.738,0.741,0.745
Ecuador,54.9,55.6,54.7,54,53.4,53.2,52.4,51.4,50.5,49.2,47.8,47.2,46.5,46,45.8,45.6,45.2,45.2,45,45,45,-15.8,3.49,-0.675,2.39,6.77,3.52,2.88,0.688,4.79,-0.454,1.74,6.39,3.41,2.56,2.52,1.9,1.94,1.97,2,2.04,0.669,0.674,0.679,0.682,0.687,0.692,0.695,0.706,0.711,0.712,0.716,0.742,0.74,0.751,0.75,0.758,0.756,0.757,0.758
Egypt,32.3,32.4,32.4,32.2,32,31.8,31.7,31.5,31.4,31.3,31.2,30.9,30.8,30.9,31,31.2,31.6,31.8,31.8,31.8,31.8,3.27,1.47,1.21,1.26,2.19,2.63,4.9,3.74,4.88,2.36,2.74,-0.376,-0.387,0.096,0.251,2.05,2.04,1.92,2,2,0.611,0.616,0.621,0.623,0.629,0.635,0.643,0.651,0.659,0.66,0.666,0.669,0.676,0.681,0.683,0.69,0.695,0.696,0.7
El Salvador,52.3,51.5,50.6,50,48.9,47.5,46.8,46.4,45.4,44.8,44.1,43.4,42.5,41.9,41.5,41.1,40.4,40.1,40,40,40,0.295,-0.169,0.363,-0.0256,-0.00944,0.997,3.57,3.33,0.779,-3.5,0.967,1.56,1.28,1.19,1.18,1.29,1.39,1.59,1.59,1.59,0.608,0.612,0.619,0.625,0.631,0.637,0.645,0.644,0.647,0.647,0.659,0.656,0.66,0.662,0.66,0.66,0.662,0.665,0.667
Equatorial Guinea,40,40,40,40,40,40,40,40,40,40,40,40,40,40,40,40,40,40,40,40,40,14.5,58.2,15.7,10.5,33.9,6.53,-1.67,9.94,9.13,-10.6,-4.04,2.09,0.371,-7.49,-5.06,-10.7,-1.76,-7.96,-10.1,-11.7,0.52,0.523,0.536,0.535,0.545,0.569,0.579,0.585,0.586,0.588,0.58,0.583,0.587,0.588,0.59,0.593,0.592,0.59,0.588
Eritrea,40,40,40,40,40,40,40,40,40,40,40,40,40,40,40,40,40,40,40,40,40,-15.5,4.54,-1.27,-6.76,-2.69,-1.35,-4.34,-1.89,-12.6,0.733,-0.898,5.38,3.6,-1.9,-0.957,-1.32,-1.25,-1.26,-0.0543,0.28,..,..,..,..,..,0.424,0.425,0.427,0.423,0.432,0.433,0.433,0.422,0.425,0.436,0.433,0.434,0.431,0.434
Estonia,36.4,36.1,35.6,35.2,34.7,33.8,32.9,32.3,32,31.8,32.2,32.8,33.4,33.5,33.6,33.5,33.1,32.7,32.7,32.7,32.7,8.57,7.17,7.98,5.83,9.03,10.9,10.3,7.67,-4.05,-14,3.35,8.28,7.61,1.46,-1.21,3.25,3.53,3.64,3.72,3.79,0.78,0.79,0.799,0.806,0.814,0.825,0.832,0.839,0.841,0.838,0.844,0.853,0.859,0.863,0.865,0.871,0.875,0.879,0.882
Ethiopia,32.1,30.7,29.9,29.9,30,30.2,30.5,30.9,31.5,32.1,32.7,33.5,34.5,35.5,36.7,37.7,38.4,38.8,39.1,39.1,39.1,3.08,5.22,-1.38,-4.94,10.4,8.73,7.83,8.48,7.87,5.96,9.63,8.41,6,7.16,4.95,5.17,4.71,4.71,4.92,4.4,0.283,0.298,0.306,0.31,0.325,0.346,0.362,0.377,0.394,0.402,0.412,0.423,0.429,0.439,0.446,0.453,0.46,0.467,0.47
Fiji,38,38.1,38.2,38.3,38.6,38.9,39.2,39.6,39.8,39.7,39.4,38.9,38.2,37.6,37.1,36.8,36.7,36.7,36.7,36.7,36.7,-2.42,1.29,2.52,0.366,4.65,0.0724,0.961,-1.7,0.209,-2.08,-0.597,1.36,1.19,2.53,1.77,1.8,1.78,1.82,1.85,1.88,0.675,0.675,0.678,0.679,0.685,0.687,0.687,0.691,0.691,0.694,0.694,0.698,0.702,0.707,0.712,0.718,0.718,0.721,0.724
Finland,26.8,27.2,27.5,27.6,27.7,27.9,27.9,27.8,27.9,27.8,27.5,27.4,27.3,27.2,27.1,27.1,27,27.1,27.1,27.1,27.1,4.85,2.41,1.36,1.58,3.5,2.76,3.99,4.87,-0.193,-8.97,2.87,2.28,-1.47,-1.83,-0.106,0.648,1.13,1.26,1.39,1.39,0.858,0.864,0.867,0.87,0.891,0.895,0.899,0.901,0.904,0.899,0.903,0.907,0.908,0.916,0.918,0.919,0.922,0.924,0.925
France,31.8,31.7,31.5,31,30.6,30.8,31.1,31.5,32.3,33,33.2,33.1,33,32.8,32.7,32.6,32.6,32.7,32.7,32.7,32.7,3.42,1.21,0.206,0.019,1.57,0.468,1.74,1.64,-0.629,-3.66,1.18,1.17,-0.472,-0.173,0.57,1.07,1.25,1.36,1.46,1.46,0.842,0.845,0.845,0.848,0.852,0.86,0.865,0.867,0.869,0.869,0.872,0.876,0.878,0.882,0.887,0.888,0.887,0.89,0.891
Gabon,45.7,45,44.3,43.6,43,42.4,41.9,41.5,41.1,40.8,40.5,40.1,39.8,39.4,39.1,38.7,38.4,38.2,38.1,38,38,21,-7.59,-3.25,7.39,11.6,34,-0.785,-0.322,17.9,-9.74,22.8,-9.1,4.02,4.36,4.23,4.83,5.28,4.66,4.66,4.37,0.627,0.63,0.632,0.633,0.632,0.638,0.638,0.643,0.645,0.653,0.658,0.663,0.672,0.679,0.688,0.692,0.696,0.7,0.702
Gambia,48.1,47.9,47.7,47.5,47.1,46.7,46.3,45.7,45.2,44.6,43.9,43,41.8,40.5,39,37.8,36.8,36.2,35.9,35.9,35.9,2.18,2.45,-6.16,3.48,4.01,2.12,-1.72,0.759,2.84,3.56,3.65,-6.87,2.45,3.49,4.48,4.12,2.69,2.67,2.68,2.68,0.382,0.389,0.392,0.4,0.409,0.413,0.418,0.424,0.431,0.434,0.437,0.435,0.441,0.448,0.449,0.454,0.456,0.459,0.466
Georgia,39.7,38.8,38.1,37.4,36.9,37.1,37.4,37.7,38.3,38.8,38.9,39,38.8,38.1,37.5,37,36.6,36.5,36.5,36.5,36.5,3.01,6.02,6.67,12.3,6.96,10.7,7.4,12.5,2.61,-3.85,5.03,6.39,5.51,3.55,5.31,5.32,5.33,5.31,5.33,5.77,0.669,0.673,0.678,0.688,0.695,0.705,0.712,0.724,0.723,0.727,0.732,0.738,0.749,0.756,0.764,0.771,0.776,0.783,0.786
Germany,29.5,29.8,30.1,30.5,30.7,30.9,31,31,30.9,30.7,30.6,30.7,30.8,31.1,31.4,31.6,31.7,31.7,31.7,31.7,31.7,3.07,1.13,-0.0852,-0.276,1.03,0.778,4.01,3.52,0.977,-4.79,4.17,3.07,0.651,0.194,1.55,1.45,1.39,1.39,1.33,1.33,0.869,0.876,0.883,0.889,0.899,0.9,0.91,0.914,0.916,0.916,0.92,0.925,0.927,0.927,0.93,0.933,0.936,0.938,0.939
Ghana,40.5,40.8,41.2,41.6,42,42.3,42.5,42.6,42.7,42.6,42.5,42.5,42.4,42.4,42.4,42.4,42.4,42.4,42.4,42.4,42.4,1.76,2.05,2.28,2.69,2.81,3.64,2.05,3.92,5.86,2.2,4.14,12.5,5.22,2.82,2.16,2.76,5.43,4.78,4.09,1.25,0.483,0.482,0.487,0.489,0.497,0.508,0.518,0.529,0.542,0.547,0.554,0.563,0.57,0.578,0.577,0.585,0.587,0.591,0.596
Greece,33.1,32.9,33,33.3,33.7,34,34.2,34.2,34.1,34,34.5,35,35.4,35.8,36,36,36,36,36,36,36,4.4,4.4,3.85,4.98,4.48,3.79,5.29,3.3,-1.8,-3.43,-5.22,-7.36,-6.98,-3.33,0.802,3.02,3.81,3.59,3.45,2.85,0.796,0.806,0.818,0.825,0.835,0.845,0.851,0.849,0.857,0.859,0.857,0.853,0.856,0.858,0.866,0.868,0.866,0.871,0.872
Grenada,40,40,40,40,40,40,40,40,40,40,40,40,40,40,40,40,40,40,40,40,40,6.36,-3.87,0.546,5.94,-6.61,10.3,-4.28,5.78,0.603,-7,-0.724,0.474,-2.12,1.19,0.803,0.893,1.39,1.69,2.09,2.19,..,..,0.711,0.719,0.721,0.734,0.735,0.74,0.743,0.74,0.743,0.746,0.747,0.75,0.752,0.756,0.76,0.76,0.763
Guatemala,54.6,54.4,54.4,54.4,54.5,54.3,54.1,53.6,53,52.2,51.4,50.7,49.9,49.2,48.8,48.5,48.3,48.3,48.3,48.3,48.3,0.914,-0.26,-0.281,-0.363,0.359,0.8,2.8,3.72,0.776,-1.92,0.405,1.61,0.452,0.976,0.976,0.976,0.976,0.976,0.976,0.976,0.546,0.553,0.56,0.564,0.567,0.571,0.579,0.588,0.594,0.597,0.602,0.607,0.613,0.616,0.643,0.647,0.648,0.649,0.651
Guinea,44.2,43.8,43.3,42.7,42,41.2,40.2,39.2,38.2,37.1,36,35.1,34.4,34,33.7,33.7,33.7,33.7,33.7,33.7,33.7,-0.364,3.1,1.16,-1.19,0.332,0.91,0.415,-0.393,2.61,-2.71,-0.55,1.37,1.28,0.0462,1.93,2.42,2.58,2.63,14.6,14.8,0.335,0.341,0.351,0.338,0.363,0.373,0.384,0.393,0.4,0.4,0.408,0.421,0.431,0.439,0.446,0.449,0.456,0.463,0.466
Guinea-Bissau,37.4,37,37.2,38,39.3,41.2,43.1,45,46.9,48.4,49.5,50.3,50.7,50.7,50.7,50.7,50.7,50.7,50.7,50.7,50.7,7,-2,-7.06,-2.56,0.203,1.23,0.102,1.12,1.12,0.889,1.35,3.17,-3.52,-1.76,0.89,1.73,1.93,1.96,1.99,2.15,..,..,..,..,..,0.393,0.401,0.407,0.413,0.419,0.426,0.435,0.437,0.441,0.45,0.453,0.457,0.46,0.461
Guyana,43.5,43.2,43.2,43.2,43.2,43.2,43.2,43.2,43.2,43.2,43.2,43.2,43.2,43.2,43.2,43.2,43.2,43.2,43.2,43.2,43.2,-1.31,2.18,0.878,-1.22,3.12,-2.01,4.77,6.7,1.57,3.11,4.06,5.12,3.94,4.8,4.28,3.67,4.56,4.03,3.94,2.95,0.606,0.609,0.612,0.609,0.614,0.619,0.624,0.627,0.63,0.633,0.639,0.648,0.652,0.656,0.66,0.663,0.666,0.668,0.67
Haiti,59.1,58.9,58.5,57.9,57.2,56.4,55.6,54.8,54,53.3,52.5,51.9,51.4,51.1,50.9,50.9,50.9,50.9,50.9,50.9,50.9,-1.01,-3.03,-2.56,-1.61,-5.58,-0.445,0.592,1.66,-0.805,1.21,-4.76,3.93,1.46,2.84,2.57,2.6,2.64,2.67,2.71,2.73,0.44,0.442,0.444,0.447,0.448,0.451,0.456,0.46,0.463,0.468,0.467,0.474,0.478,0.483,0.488,0.492,0.497,0.501,0.503
Honduras,55.8,55.9,56.5,57.3,57.8,57.8,57.3,55.9,54.6,54.4,54.4,53.9,53.7,53,51.7,50.5,50,50,50.1,50.1,50.1,2.15,-0.00124,0.196,0.974,2.54,1.77,4.39,4.02,2.1,-4.42,1.61,1.59,1.78,0.503,0.934,1.03,1.13,0.934,0.934,0.934,0.555,0.559,0.564,0.569,0.575,0.581,0.587,0.595,0.591,0.593,0.598,0.601,0.6,0.603,0.606,0.613,0.618,0.621,0.623
Hungary,27,27.9,28.4,29.4,29.8,30.3,29.6,29,28.4,28.5,28.8,29.6,30.4,30.6,30.8,30.7,30.5,30.4,30.4,30.4,30.4,5.58,4.36,4.64,4.46,5.06,4.44,4.1,0.235,0.954,-6.56,1.42,1.94,-1.13,1.66,2.19,1.94,1.89,1.91,1.94,1.94,0.769,0.777,0.784,0.793,0.795,0.802,0.811,0.814,0.818,0.823,0.826,0.823,0.826,0.835,0.833,0.835,0.838,0.841,0.845
Iceland,26.6,26.8,27.3,27.8,28.4,28.7,29.7,29.8,29.3,28.6,28,26.8,26.6,26.9,27.1,27.3,27.8,27.8,27.8,27.8,27.8,3.49,2.38,-2.1,2.48,7.33,3.94,2.06,4.06,0.219,-7.47,-5.05,1.84,1.04,2.14,2.3,2.64,2.48,2.42,1.87,1.86,0.861,0.867,0.876,0.882,0.886,0.891,0.893,0.899,0.892,0.891,0.892,0.901,0.908,0.92,0.924,0.927,0.932,0.935,0.938
India,32.9,33.1,33.3,33.6,33.8,34,34.2,34.4,34.6,34.7,34.9,35,35.1,35.1,35.1,35.1,35.1,35.1,35.1,35.1,35.1,2.54,3.94,1.76,6.67,6.74,6.36,8.01,7.64,5.61,3.61,9.68,6.28,3.35,3,4.05,4.97,5.1,5.26,5.35,5.38,0.497,0.502,0.508,0.521,0.53,0.539,0.548,0.558,0.565,0.571,0.581,0.59,0.6,0.607,0.618,0.627,0.637,0.643,0.647
Indonesia,30.5,30.5,30.6,31.3,32.2,33,33.8,34.4,35.2,36.4,37.3,38.2,39,39.7,39.4,39.1,38.9,38.7,38.3,38.2,38.2,3.35,2.67,3.1,3.84,3.74,4.46,4.02,4.85,4.52,3.16,4.73,4.99,4.77,4.29,3.88,4.31,4.51,4.51,4.51,4.51,0.604,0.61,0.616,0.623,0.629,0.633,0.643,0.644,0.648,0.659,0.666,0.674,0.682,0.688,0.691,0.696,0.7,0.704,0.707
Iran,43.9,43.9,43.8,43.7,43.9,43.9,43.7,43.4,42.9,41.9,40.8,39.7,39.1,38.6,38.4,38.5,38.8,38.8,38.8,38.8,38.8,4.12,2.71,3.96,5.89,5.89,3.82,4.54,5.2,-0.68,2.5,4.28,1.92,-6.83,-2.91,0.215,1.05,1,1.03,1.04,1.05,0.671,0.678,0.683,0.69,0.691,0.696,0.732,0.736,0.741,0.747,0.756,0.767,0.782,0.785,0.788,0.789,0.799,0.799,0.797
Iraq,28.6,28.6,28.6,28.6,28.6,28.6,28.6,28.7,28.8,29,29.2,29.3,29.4,29.5,29.5,29.5,29.5,29.5,29.5,29.5,29.5,-1.25,-0.38,-11.2,-36.8,54.3,0.52,6.23,-1.06,3.72,2.17,3.16,4.34,6.89,0.996,2.65,3.54,5.03,5.75,6.27,6.14,0.608,0.615,0.616,0.604,0.628,0.632,0.637,0.639,0.646,0.648,0.652,0.658,0.662,0.662,0.662,0.665,0.672,0.684,0.689
Ireland,34.3,33.9,33.5,33.4,33.2,33,32.6,32.4,32.1,32.1,32.4,32.9,32.8,32.7,32.4,32.2,31.8,31.8,31.8,31.8,31.8,8.18,4.89,5.39,3.27,3.16,4.83,2.94,2,-4.49,-6.46,-1.23,0.985,-0.0723,-4.32,1.08,1.85,1.61,1.61,1.61,1.61,0.857,0.863,0.871,0.879,0.888,0.893,0.895,0.899,0.9,0.896,0.89,0.894,0.899,0.908,0.92,0.926,0.936,0.939,0.942
Israel,38.8,39.2,39.7,40.3,40.8,41,41.3,41.5,41.7,41.8,41.9,41.9,41.7,41.5,41.4,41.4,41.4,41.4,41.4,41.4,41.4,7.04,-2,-2.11,0.845,3.8,3.99,3.44,3.62,1.87,-1.07,2.72,2.35,1.13,1.11,1.01,1.19,1.15,1.26,1.2,1.24,0.853,0.857,0.865,0.865,0.867,0.871,0.872,0.881,0.88,0.882,0.887,0.892,0.893,0.895,0.9,0.901,0.902,0.904,0.906
Italy,34.2,34.3,34.3,34.3,34.2,33.9,33.7,33.6,33.8,34.1,34.5,34.7,34.9,35,35.1,35.2,35.3,35.4,35.4,35.4,35.4,3.95,2.28,0.678,-0.459,0.172,-0.493,1.7,1.03,-1.96,-6.16,1.23,-0.1,-2.42,-2.33,0.166,0.685,0.817,0.747,0.578,0.578,0.83,0.837,0.842,0.847,0.852,0.857,0.862,0.866,0.868,0.868,0.871,0.875,0.874,0.873,0.874,0.875,0.878,0.881,0.883
Jamaica,45.5,46.3,46.6,46.6,46.3,45.7,45.5,45.5,45.5,45.5,45.5,45.5,45.5,45.5,45.5,45.5,45.5,45.5,45.5,45.5,45.5,0.0752,0.776,0.0997,1.39,0.0197,0.543,2.3,0.944,-1.23,-3.47,-1.83,1.1,-0.993,-0.0228,0.753,1.18,1.57,1.9,2.12,2.17,0.669,0.68,0.683,0.678,0.695,0.698,0.702,0.71,0.728,0.724,0.723,0.723,0.722,0.72,0.72,0.722,0.722,0.725,0.726
Japan,31.1,31.3,31.6,32,32,31.9,32,32,31.9,32.1,32.1,32.1,32.1,32.1,32.1,32.1,32.1,32.1,32.1,32.1,32.1,2.7,0.0331,0.124,1.64,2.3,1.84,1.63,2.09,-1.1,-5.52,4.66,-0.451,1.67,1.75,1.57,1.23,0.976,1.34,1.4,1.56,0.855,0.859,0.862,0.865,0.869,0.873,0.877,0.88,0.881,0.88,0.885,0.89,0.895,0.9,0.904,0.906,0.91,0.913,0.915
Jordan,36.7,36.8,36.7,36.4,36,35.4,34.7,33.9,33.5,33.3,33.2,33.3,33.6,33.7,33.7,33.7,33.7,33.7,33.7,33.7,33.7,1.05,2.14,2.73,1.28,5.68,4.34,5.64,5.85,4.9,3.18,0.0852,0.286,0.346,0.932,1.18,1.67,2.15,2.15,2.15,2.15,0.702,0.708,0.706,0.711,0.717,0.729,0.732,0.735,0.736,0.734,0.728,0.725,0.726,0.72,0.72,0.721,0.722,0.722,0.723
Kazakhstan,35.7,35.3,34.5,33.5,32.4,31.4,30.4,29.6,29,28.6,28.2,27.9,27.6,27.4,27.2,26.9,26.9,26.9,26.9,26.9,26.9,10.2,13.3,9.62,9.08,9.04,9.7,9.65,7.64,2.04,-0.133,5.51,5.39,3.52,4.44,4.17,4.63,4.17,4,3.92,3.89,0.685,0.7,0.713,0.725,0.737,0.747,0.754,0.758,0.758,0.762,0.764,0.772,0.782,0.791,0.798,0.806,0.808,0.813,0.817
Kenya,45.5,45.6,45.8,46,46.1,46.1,46,45.7,45.3,44.7,44.2,43.6,43,42.5,41.9,41.5,41.1,40.9,40.8,40.8,40.8,-2.05,1.79,-2.03,0.234,2.39,3.2,3.63,4.3,-1.03,0.114,3.02,1.63,1.77,2.77,3.47,3.55,3.63,3.7,3.79,3.85,0.446,0.45,0.45,0.462,0.475,0.484,0.499,0.507,0.515,0.524,0.533,0.54,0.545,0.551,0.556,0.562,0.568,0.574,0.579
Kiribati,37,37,37,37,37,37,37,37,37,37,37,37,37,37,37,37,37,37,37,37,37,7.64,-1.06,-1.23,2.16,1.36,-1.86,-6.05,5.85,1.2,-2.15,-2,1.18,0.794,0.882,0.686,-0.0392,-0.0393,-0.0392,-0.0392,-0.0392,0.564,0.582,0.58,0.586,0.585,0.585,0.582,0.583,0.586,0.585,0.589,0.587,0.596,0.605,0.613,0.619,0.622,0.623,0.623
Kuwait,40,40,40,40,40,40,40,40,40,40,40,40,40,40,40,40,40,40,40,40,40,1.07,-3.15,-0.396,12.7,6.86,6.32,1.04,-0.763,1.22,-8.22,-5.02,3.42,3.31,-1.91,-0.223,0.163,0.212,1.04,1.05,1.07,0.786,0.785,0.788,0.791,0.789,0.783,0.788,0.789,0.79,0.792,0.794,0.796,0.8,0.798,0.8,0.807,0.809,0.809,0.808
Kyrgyz Republic,35.3,31.8,31,31.3,32.7,33.5,34,33,32.5,30.6,29.3,28.8,28.2,28,27.8,27.6,27.2,27.2,26.8,26.8,26.8,4.22,4.22,-1.17,5.42,5.69,-1.46,1.95,7.69,6.38,1.57,-1.55,4.95,-1.88,9.44,3.39,3.9,3.93,4.05,4.12,4.2,0.594,0.602,0.604,0.611,0.615,0.616,0.621,0.628,0.631,0.635,0.636,0.639,0.649,0.658,0.663,0.666,0.669,0.671,0.674
Lao,34,33.5,33.3,33.2,33.4,33.7,34.3,34.7,35.2,35.5,35.8,36,36.1,36.3,36.3,36.4,36.4,36.4,36.4,36.4,36.4,3.11,3.1,3.26,3.22,3.83,4.54,7,6.21,6.16,5.92,6.58,6.54,5.85,6.18,5.47,5.8,5.98,5.67,5.47,5.51,0.466,0.471,0.48,0.488,0.496,0.505,0.511,0.521,0.528,0.539,0.546,0.558,0.569,0.579,0.586,0.594,0.598,0.602,0.604
Latvia,34.2,34.8,35.2,36.2,36.4,36.7,36.7,36.6,35.9,35.9,35.6,35.4,35.3,35.2,34.9,34.6,34.4,34.2,34.2,34.2,34.2,7.72,8.64,7.43,7.78,9.27,11.2,12.2,10.5,-2.52,-16.6,1.04,7.81,6.91,4.42,4.08,4.7,4.52,4.43,4.3,4.29,0.728,0.745,0.76,0.774,0.788,0.802,0.809,0.818,0.821,0.819,0.817,0.822,0.825,0.834,0.836,0.842,0.845,0.849,0.854
Lebanon,34.3,33.7,33.1,32.6,32.2,31.9,31.8,31.8,31.8,31.8,31.8,31.8,31.8,31.8,31.8,31.8,31.8,31.8,31.8,31.8,31.8,5.25,11.1,12.2,9.92,16.4,10.4,1.26,8.4,7.21,7.6,5.63,0.197,0.534,0.0391,0.0391,1.52,3.01,3.01,3.01,3.01,..,..,..,..,..,0.724,0.723,0.736,0.742,0.749,0.751,0.753,0.744,0.741,0.732,0.728,0.725,0.732,0.73
Lesotho,55.9,54.5,53.4,52.7,52.3,52.3,52.7,53.1,53.4,53.7,54,54.1,54.2,54.2,54.2,54.2,54.2,54.2,54.2,54.2,54.2,3.56,2.91,-0.532,3.73,1.39,1.77,3.32,3.71,4.34,1.82,4.53,3.13,5.75,5.52,5.29,5.22,4.85,5.11,5.26,4.85,0.444,0.445,0.44,0.438,0.433,0.43,0.431,0.441,0.446,0.455,0.461,0.47,0.48,0.486,0.493,0.499,0.507,0.514,0.518
Liberia,36.5,36.5,36.5,36.5,36.5,36.5,36.4,36.2,35.9,35.6,35.1,34.6,34.2,33.8,33.5,33.3,33.2,33.2,33.2,33.2,33.2,16.5,-0.344,1.71,-31.9,0.765,2.33,9.04,3.5,2.7,2.77,3.01,4.72,5.56,5.23,4.26,5.98,5.2,5.13,5.01,4.87,0.422,0.421,0.423,0.402,0.412,0.417,0.424,0.431,0.436,0.438,0.441,0.457,0.455,0.463,0.464,0.463,0.463,0.466,0.465
Libya,40,40,40,40,40,40,40,40,40,40,40,40,40,40,40,40,40,40,40,40,40,1.93,4.38,-0.0548,4.4,3.52,4.84,4.26,4.07,0.553,-2.58,3.13,-61.6,102,-10.7,-9.16,27.9,23.7,8.12,8.35,1.95,0.728,0.733,0.737,0.745,0.745,0.749,0.753,0.754,0.759,0.757,0.757,0.708,0.742,0.707,0.693,0.691,0.69,0.704,0.708
Liechtenstein,40,40,40,40,40,40,40,40,40,40,40,40,40,40,40,40,40,40,40,40,40,2.05,-1.81,-2.04,-2.94,2.02,3.83,8.02,8.47,-3.41,-11.1,8.04,1.17,,,,,,,,,0.862,0.868,0.873,0.878,0.883,0.886,0.89,0.893,0.899,0.899,0.904,0.909,0.91,0.912,0.911,0.912,0.915,0.916,0.917
Lithuania,31.9,32.6,33.4,34.2,34.6,35.2,35.4,35.6,35.3,34.9,35,34.7,34.8,35.6,36.6,37,37.4,37.4,37.4,37.4,37.4,4.02,6.65,7.17,10.1,7.67,7.94,8.45,10.4,3.45,-14.4,3.15,14.8,5.06,3.8,3.83,3.97,4.11,4.18,4.29,4.28,0.755,0.767,0.778,0.79,0.798,0.81,0.819,0.826,0.831,0.821,0.824,0.831,0.835,0.84,0.852,0.855,0.86,0.866,0.869
Luxembourg,29.9,30,30.1,30.3,30.5,30.7,31.1,31.3,31.3,31.5,32.1,32,32,32.7,33,32.9,33.3,33.8,33.8,33.8,33.8,7.71,0.0136,0.764,1.38,3.02,4.06,3.34,4.86,-2.46,-5.81,1,-0.672,-2.45,-0.00023,0.132,-0.0929,0.00778,0.264,0.197,0.258,0.86,0.865,0.869,0.87,0.876,0.88,0.884,0.888,0.89,0.885,0.893,0.892,0.892,0.892,0.895,0.899,0.904,0.908,0.909
Madagascar,42.7,43.7,44.3,43.7,42.3,41.4,40.9,40.9,41.4,41.8,42.2,42.4,42.6,42.6,42.7,42.7,42.7,42.7,42.7,42.7,42.7,1.68,2.84,-15.3,6.53,2.15,1.48,2.19,3.41,4.31,-6.61,-2.15,-0.755,-0.0433,-0.143,0.568,1.52,2.1,2.64,2.72,2.81,0.456,0.462,0.457,0.466,0.472,0.479,0.484,0.491,0.5,0.503,0.504,0.504,0.507,0.509,0.512,0.514,0.515,0.518,0.521
Malawi,58.4,54.7,51,47.3,44.5,42.7,41.7,41.7,42.7,43.6,44.4,44.9,45.3,45.5,45.5,45.5,45.5,45.5,45.5,45.5,45.5,-1.2,-7.45,0.218,-6.25,12.8,0.452,1.71,6.44,5.12,5.65,3.4,1.28,-0.966,2.03,3.12,3.52,3.5,3.25,3.31,2.9,0.362,0.362,0.363,0.367,0.368,0.373,0.383,0.394,0.411,0.426,0.437,0.447,0.452,0.463,0.472,0.475,0.478,0.482,0.485
Malaysia,47.8,47.4,46.9,46.6,46.3,46.1,46,45.9,45.6,45.2,44.5,43.6,42.8,42.1,41.5,41.2,41.1,41.1,41,41,41,6.36,-1.64,2.13,3.83,4.93,3.11,4.19,4.91,3.48,-3.41,5.26,3.72,4.3,3.69,3.44,3.25,3.25,3.25,3.25,3.25,0.724,0.722,0.724,0.731,0.734,0.732,0.738,0.751,0.762,0.766,0.773,0.779,0.782,0.787,0.792,0.797,0.801,0.802,0.804
Maldives,41.3,41.3,41.2,41.1,40.8,40.5,40.1,39.6,39.2,38.9,38.6,38.5,38.4,38.4,38.4,38.4,38.4,38.4,38.4,38.4,38.4,2.64,1.59,4.46,7.58,9.61,-6.51,17.5,8.42,10.5,-5.22,5.29,5.28,-0.787,2.03,2.47,2.74,2.92,2.98,2.96,3.02,0.61,0.616,0.619,0.633,0.638,0.632,0.647,0.647,0.657,0.658,0.669,0.681,0.688,0.693,0.702,0.709,0.713,0.716,0.719
Mali,42.5,41.4,40.5,39.9,39.4,38.9,38.2,37.2,36,34.8,33.9,33.3,33,33,33,33,33,33,33,33,33,1.26,9.4,1.75,4.55,-0.16,3.41,2.03,1.11,1.79,1.31,2.65,-0.385,-3,-1.34,3.24,1.82,1.71,1.46,1.56,1.27,0.308,0.321,0.33,0.343,0.352,0.363,0.372,0.367,0.39,0.398,0.403,0.408,0.408,0.408,0.414,0.412,0.42,0.426,0.427
Malta,28,28,28,28,28,28.3,28.5,28.9,29.1,29.3,29.4,29.3,29.1,29.2,29.2,29.2,29.3,29.4,29.4,29.4,29.4,5.75,-2.36,1.85,-0.973,-0.464,2.7,1.99,3.36,3.25,-3.41,2.69,1.25,0.719,2.25,1.68,1.62,1.5,1.43,1.46,0.514,0.787,0.793,0.797,0.804,0.813,0.828,0.826,0.831,0.833,0.835,0.847,0.848,0.854,0.861,0.868,0.877,0.881,0.883,0.885
Marshall Islands,40,40,40,40,40,40,40,40,40,40,40,40,40,40,40,40,40,40,40,40,40,5.72,5.32,2.66,0.259,0.0233,2.65,1.83,2.92,-2.11,-1.68,5.42,0.671,2.82,-0.767,1.58,0.0755,-0.133,-0.222,-0.63,-0.0984,..,..,..,..,..,..,..,..,..,..,..,..,..,..,..,..,..,0.696,0.698
Mauritania,39,39.3,39.6,39.6,39.3,38.8,37.9,36.9,36.1,35.3,34.7,34.2,33.6,33.2,32.9,32.7,32.6,32.6,32.6,32.6,32.6,1.99,1.37,1.09,2.56,2.19,2.18,8.53,-1.59,0.909,-3.62,2.56,1.44,4.46,4.16,4.33,4.05,3.82,6.07,3.04,8.08,0.446,0.446,0.451,0.455,0.465,0.47,0.479,0.479,0.48,0.487,0.49,0.494,0.503,0.511,0.518,0.521,0.519,0.524,0.527
Mauritius,34.6,34.5,34.6,34.8,35.1,35.3,35.5,35.6,35.7,35.7,35.8,35.8,35.8,35.8,35.8,35.8,35.8,35.8,35.8,35.8,35.8,1.73,6.16,2.5,6.02,3.84,2.25,3.73,4.86,5.18,2.29,3.65,3.38,2.74,2.55,3.18,3.49,3.74,3.63,3.54,3.62,0.674,0.683,0.688,0.697,0.705,0.713,0.72,0.728,0.734,0.742,0.748,0.756,0.768,0.775,0.786,0.786,0.79,0.793,0.796
Mexico,51,50.6,50.2,49.7,49.2,48.8,48.4,47.9,47.3,46.9,46.8,46.8,46.9,46.9,46.8,46.5,46.3,46,45.9,45.9,45.9,5.17,-1.21,-0.192,0.333,3.16,1.78,3.73,1.57,-0.449,-7.5,3.74,2.62,2.69,-0.082,1.97,2.46,2.73,2.73,2.73,2.73,0.705,0.708,0.714,0.72,0.726,0.729,0.737,0.738,0.74,0.739,0.739,0.746,0.752,0.75,0.754,0.759,0.764,0.765,0.767
"Micronesia, Fed. Sts.",42.4,42.4,42.4,42.4,42.3,42.2,42,41.8,41.5,41.2,40.9,40.6,40.4,40.2,40.1,40.1,40.1,40.1,40.1,40.1,40.1,4.93,1.99,0.776,1.98,-3.01,2.52,0.32,-1.51,-2,1.46,2.89,2.24,0.27,0.796,0.758,0.694,0.687,0.666,0.622,0.544,0.541,0.547,0.553,0.56,0.564,0.572,0.578,0.583,0.587,0.59,0.595,0.598,0.599,0.599,0.598,0.606,0.608,0.612,0.614
Moldova,38.5,37.6,36,36,35.5,35.2,35.2,34.7,33.9,32.9,31.9,30.7,29.4,28.4,27.6,27,26.6,26.5,26.4,26.4,26.4,2.13,6.08,7.73,6.18,7.23,7.28,5.09,3.25,8.05,-5.86,7.21,6.9,-0.709,8.85,3.53,4.53,4.53,4.03,4.03,4.03,0.609,0.618,0.628,0.641,0.651,0.658,0.667,0.672,0.677,0.673,0.681,0.687,0.693,0.702,0.705,0.703,0.705,0.709,0.711
Monaco,40,40,40,40,40,40,40,40,40,40,40,40,40,40,40,40,40,40,40,40,40,3.46,1.3,0.404,0.42,1.8,1.08,5.74,14.4,0.244,-11.7,2.05,1.64,,,,,,,,,,,,,,,,,,,,,,,,,,,
Mongolia,31.6,32.2,32.8,33.3,33.9,34.4,34.8,35,34.7,34.5,34.2,33.6,33.1,33,32.6,32.4,32.3,32.3,32.4,32.4,32.4,0.405,2.18,3.84,6.03,9.58,6.25,7.26,8.71,7.09,-3.1,4.63,16.2,10.3,9.44,11,5.91,3.9,7.02,4.78,6.88,0.589,0.6,0.609,0.622,0.636,0.649,0.66,0.671,0.682,0.688,0.697,0.711,0.719,0.728,0.733,0.736,0.73,0.729,0.735
Montenegro,30.2,30.2,30.2,30.2,30.2,30.4,30.5,30.6,30.4,30.5,30.7,31.1,31.3,31.9,32.1,32,31.9,31.9,31.9,31.9,31.9,2.87,2.04,3.89,5.11,7,6.21,8.43,8.31,6.63,-6.1,2,7.43,-2.73,3.15,2.63,2.73,2.44,2.73,2.69,2.86,..,..,..,0.741,0.748,0.753,0.764,0.775,0.785,0.787,0.793,0.797,0.798,0.801,0.803,0.807,0.809,0.813,0.816
Morocco,40,40.3,40.5,40.7,40.7,40.7,40.7,40.6,40.5,40.4,40.2,40.1,39.9,39.8,39.7,39.6,39.6,39.6,39.6,39.6,39.6,-0.762,4.49,1.47,4.35,3.5,0.783,6.58,1.59,4.45,3.64,2.55,3.89,1.64,3.49,2.89,3.87,4.17,4.39,4.62,4.63,0.531,0.542,0.553,0.564,0.573,0.581,0.588,0.596,0.603,0.609,0.618,0.627,0.636,0.646,0.653,0.66,0.669,0.675,0.676
Mozambique,50.3,49.2,48.3,47.5,47,46.6,46.3,46.1,46.2,46.6,47.3,48.4,49.8,51.2,52.3,53.2,53.7,54,54,54,54,-0.549,10.8,5.4,6.02,5.75,4.59,6.55,5.18,4.74,4.25,4.99,5.22,4.56,4.53,5.76,5.39,5.01,5.33,5.3,5.32,0.301,0.314,0.32,0.334,0.343,0.354,0.361,0.372,0.381,0.389,0.396,0.391,0.398,0.412,0.42,0.428,0.435,0.442,0.446
Myanmar,38.1,38.1,38.1,38.1,38.1,38.1,38.1,38.1,38.1,38.1,38.1,38.1,38.1,38.1,38.1,38.1,38.1,38.1,38.1,38.1,38.1,3.58,2.91,3.11,3.64,3.3,-0.5,10.8,9.79,1.56,3.07,3.27,3.38,5.2,5.39,5.69,5.69,5.69,5.69,5.69,5.59,0.424,0.432,0.441,0.451,0.46,0.47,0.479,0.49,0.501,0.512,0.523,0.534,0.541,0.551,0.558,0.565,0.571,0.577,0.584
Namibia,66.1,65.2,64.4,63.8,63.3,62.8,62.5,62.1,61.8,61.4,61,60.7,60.3,60,59.7,59.5,59.3,59.1,59.1,59.1,59.1,0.825,0.00642,1.22,2.39,5.51,3.35,5.19,3.51,1.52,-2.88,5.71,3.98,4.16,3.45,3.45,3.63,3.71,3.79,3.76,3.79,0.543,0.542,0.54,0.542,0.544,0.544,0.55,0.558,0.566,0.575,0.588,0.601,0.612,0.622,0.631,0.637,0.639,0.643,0.645
Nauru,40,40,40,40,40,40,40,40,40,40,40,40,40,40,40,40,40,40,40,40,40,-0.0477,0.548,0.681,-0.166,-0.2,-0.189,-20.5,-10.9,95.1,-18.4,-0.419,3.46,,,,,,,,,,,,,,,,,,,,,,,,,,,
Nepal,39.5,40.6,41.6,42.2,42.2,41.7,40.6,39.1,37.5,36,34.7,33.8,33.2,32.8,32.8,32.8,32.8,32.8,32.8,32.8,32.8,4.02,2.87,-2.57,0.779,1.3,0.158,-0.287,1.44,4.15,2.66,2.97,2.09,3.64,1.98,2.91,2.94,2.99,3.43,3.43,3.47,0.446,0.446,0.456,0.461,0.468,0.474,0.484,0.49,0.5,0.513,0.527,0.534,0.548,0.555,0.562,0.568,0.572,0.574,0.579
Netherlands,30.4,30.6,30.5,30.2,30.1,29.8,29.6,29.2,28.9,28.5,28.1,27.8,28,28.1,28.2,28.3,28.3,28.2,28.2,28.2,28.2,3.46,1.46,-0.226,0.143,2.17,1.59,3.23,3.69,1.41,-4.16,1.11,0.52,-1.61,-1.05,0.562,1.39,1.53,1.62,1.73,1.84,0.876,0.88,0.879,0.883,0.886,0.891,0.897,0.904,0.906,0.906,0.911,0.922,0.921,0.924,0.925,0.927,0.929,0.932,0.934
New Zealand,33.5,33.6,33.6,33.5,33.2,32.9,32.8,32.7,32.6,33.1,33.2,33.2,33.5,34,34,34.5,34.8,35,35,35,35,0.95,2.43,3.4,2.32,2.58,0.881,1.81,2.43,-1.74,-2.75,0.569,0.608,1.92,1.46,2.37,2.19,1.78,1.73,1.68,1.73,0.87,0.874,0.882,0.885,0.887,0.889,0.892,0.894,0.895,0.898,0.899,0.902,0.905,0.907,0.91,0.914,0.917,0.92,0.921
Nicaragua,48.5,47.8,47.1,46.3,45.6,45,44.6,44.3,44.2,44.3,44.5,44.8,45.3,45.6,45.9,46.1,46.2,46.2,46.2,46.2,46.2,-7.01,0.82,-1.46,0.412,3.03,2,3.95,4.24,2.65,-3.43,2.4,4.16,4.08,3.09,2.91,2.92,2.65,2.66,2.68,2.7,0.568,0.575,0.581,0.584,0.589,0.593,0.596,0.602,0.607,0.608,0.614,0.619,0.625,0.63,0.64,0.644,0.649,0.653,0.651
Niger,43,43.3,43.6,43.9,43.6,42.8,41.5,39.8,37.6,35.4,34,33.2,33,33.1,33.7,34.1,34.3,34.3,34.3,34.3,34.3,-4.18,4.06,0.0749,1.5,-3.66,4.29,2.17,-2.88,5.84,-4.32,7.34,-0.92,7.72,0.438,3.32,2.74,10.8,8.56,6.53,5.04,0.253,0.259,0.263,0.268,0.276,0.283,0.29,0.295,0.304,0.309,0.319,0.326,0.338,0.345,0.353,0.36,0.365,0.373,0.377
Nigeria,46,44.5,43,41.9,41.2,40.9,41,41.5,42,42.4,42.7,42.9,43,43,43,43,43,43,43,43,43,2.84,5.08,18.4,7.55,7.78,3.9,3.43,3.83,3.65,4.29,5.16,4.73,3.73,3.42,4.27,4.16,4,4.04,3.74,3.81,..,..,..,0.452,0.462,0.467,0.474,0.479,0.485,0.491,0.484,0.494,0.502,0.52,0.523,0.527,0.528,0.533,0.534
North Korea,37,37,37,37,37,37,37,37,37,37,37,37,37,37,37,37,37,37,37,37,37,-6.54,6.29,0.512,2.18,0.356,3.83,-0.205,-4.72,2.54,-1.43,-0.995,0.262,-0.269,,,,,,,,,,,,,,,,,,,,,,,,,,
North Macedonia,33.7,35.8,37.3,38.3,39.5,40.7,42.2,43.1,43.2,42.7,41.5,39.7,38.3,37.3,36.4,35.8,35.6,35.6,35.6,35.6,35.6,4.15,-4.85,0.581,2.57,3.88,3.93,4.82,5.89,4.82,-1.12,2.67,2.63,-0.606,2.87,2.93,3.21,3.59,3.75,3.8,3.82,0.669,0.673,0.679,0.686,0.693,0.702,0.708,0.713,0.729,0.731,0.735,0.739,0.74,0.743,0.747,0.753,0.757,0.758,0.759
Norway,28.4,28.2,28.7,29.1,28.8,28.6,28.5,27.4,26.5,26.3,26,25.9,26,26.3,26.8,27.1,27.4,27.5,27.5,27.5,27.5,2.78,1.65,1.23,0.759,3.62,2.51,1.41,1.57,-1.34,-2.49,-1.11,0.027,1.47,-0.395,0.783,0.745,0.861,0.936,0.966,0.989,0.917,0.916,0.918,0.924,0.934,0.932,0.936,0.938,0.938,0.938,0.942,0.943,0.942,0.946,0.945,0.948,0.951,0.953,0.954
Oman,40,40,40,40,40,40,40,40,40,40,40,40,40,40,40,40,40,40,40,40,40,1.92,3.86,-0.855,-1.4,1.91,2.33,3.46,4.53,10.8,-0.225,20.9,-12.1,1.76,1.82,0.187,0.125,0.789,0.829,0.565,0.586,0.704,0.716,0.725,0.735,0.742,0.748,0.752,0.764,0.782,0.789,0.793,0.795,0.804,0.811,0.815,0.827,0.834,0.833,0.834
Pakistan,31.6,31.6,31.3,31.4,31.7,32.1,32.2,32,31.6,31,30.8,30.6,30.5,30.9,31.6,32.1,32.6,33.2,33.5,33.5,33.5,0.646,-0.845,1.15,2.87,5.44,5.56,3.88,4.92,1.88,-2.64,0.935,0.933,2.26,1.53,1.05,1.67,1.91,2.71,3.06,3.08,0.449,0.456,0.464,0.472,0.486,0.499,0.503,0.511,0.513,0.52,0.524,0.528,0.533,0.537,0.546,0.55,0.556,0.558,0.56
Palau,40,40,40,40,40,40,40,40,40,40,40,40,40,40,40,40,40,40,40,40,40,-1.55,-0.133,-4.5,-2.03,4.29,4.95,2.46,1.56,-1.54,2.3,1.37,1.12,7.53,0.214,0.743,1.19,1.48,1.48,1.19,1.19,0.736,0.741,0.745,0.747,0.752,0.759,0.761,0.766,0.767,0.772,0.776,0.783,0.787,0.811,0.809,0.803,0.808,0.811,0.814
Palestine,34,34,34,34.2,34.2,34.5,34.7,34.8,34.9,35,34.7,34.5,34.4,34.2,34.1,33.9,33.8,33.8,33.7,33.7,33.7,-3.54,-22.9,-22.9,-16,-3.41,-3.34,-7.34,2.8,4.37,4.55,6.88,6.89,2.91,,,,,,,,..,..,..,..,0.638,0.646,0.647,0.657,0.661,0.666,0.671,0.679,0.684,0.681,0.682,0.685,0.687,0.689,0.69
Panama,56.8,56.4,56.1,55.5,55.1,54.4,53.9,53.3,52.9,52.2,52,51.7,51.4,51.2,51,50.7,50.5,50.5,50.4,50.4,50.4,0.691,-1.2,0.532,2.65,5.77,5.17,6.69,10.1,8.17,2.02,5.55,8.89,8.84,6.09,5.31,5.01,4.52,4.32,4.03,5.81,0.719,0.722,0.728,0.73,0.735,0.739,0.744,0.751,0.755,0.756,0.758,0.764,0.77,0.775,0.779,0.782,0.789,0.793,0.795
Papua New Guinea,51.6,50.6,49.6,48.6,47.7,46.7,45.7,44.8,43.8,43,42.4,42,41.9,41.9,41.9,41.9,41.9,41.9,41.9,41.9,41.9,-5,-2.63,-2.62,-0.278,0.35,1.07,-0.0627,4.7,4.2,3.75,4.95,8.36,5.5,2.03,3.46,18.6,0.786,0.869,0.92,1.2,0.436,0.441,0.446,0.45,0.459,0.468,0.473,0.486,0.49,0.5,0.51,0.517,0.508,0.521,0.531,0.539,0.541,0.543,0.543
Paraguay,55.2,55.2,54.7,54.1,53.8,52.9,52.1,51.5,51.4,51.2,50.2,49.6,49.9,49.2,48.4,48.4,48.4,47.8,47.9,47.9,47.9,-3.01,-0.567,-2.61,1.18,1.5,0.362,2.75,3.35,4.27,-5.85,10.9,2.29,-2.94,11.1,2.99,2.69,2.69,2.69,2.69,2.69,0.64,0.648,0.658,0.657,0.664,0.667,0.666,0.671,0.68,0.678,0.692,0.697,0.697,0.709,0.712,0.718,0.718,0.722,0.724
Peru,53.4,52.9,51.7,52,51.8,51.1,50,49.4,48.4,47.2,46.1,45.3,44.6,44.1,43.9,43.7,43.6,43.7,43.8,43.8,43.8,1.52,-1.32,3.4,2.47,1.76,4.95,6.1,6.67,8.13,-0.676,7.14,5.28,4.66,3.42,3.91,4.19,4.19,4.19,4.19,4.19,0.679,0.688,0.688,0.687,0.694,0.7,0.697,0.705,0.715,0.718,0.721,0.734,0.734,0.742,0.752,0.75,0.755,0.756,0.759
Philippines,45.1,44.8,44.6,44.5,44.5,44.6,44.6,44.6,44.5,44.3,44.2,44.1,43.9,43.5,43.1,42.7,42.4,42.2,42.2,42.2,42.2,3.83,-0.291,2.3,2.89,4.4,2.97,3.17,4.53,2.09,0.593,5.77,2.14,5.03,5.31,4.38,4.42,4.13,3.94,3.94,3.94,0.631,0.634,0.639,0.643,0.653,0.656,0.657,0.663,0.667,0.666,0.672,0.677,0.684,0.692,0.697,0.702,0.704,0.709,0.712
Poland,33,33.5,34.3,34.7,35,34.9,34.7,34,33.6,33.4,33.2,33,32.8,32.6,32.1,31.7,31.3,31,30.8,30.8,30.8,4.21,1.24,1.49,3.92,5.4,3.25,6.27,6.87,5.15,1.57,3.79,3.34,1.92,1.56,3.08,3.3,3.36,3.56,3.63,3.65,0.785,0.791,0.799,0.804,0.802,0.808,0.813,0.819,0.824,0.828,0.835,0.84,0.836,0.851,0.853,0.858,0.864,0.868,0.872
Portugal,37.6,37.9,38.4,38.5,38.5,38.2,37.8,37,36.4,36.1,36,35.9,36,35.9,35.8,35.7,35.5,35.5,35.5,35.5,35.5,3.43,1.5,0.332,-1.22,1.09,0.319,1.06,2.08,-0.183,-3,1.84,-0.943,-2.78,-1.45,1.07,1.35,1.61,1.73,1.77,1.77,0.785,0.79,0.792,0.796,0.797,0.8,0.803,0.81,0.814,0.817,0.822,0.827,0.829,0.837,0.84,0.843,0.846,0.848,0.85
Qatar,40,40,40,40,40,40,40,40,40,40,40,40,40,40,40,40,40,40,40,40,40,4.42,-1.85,1.25,-2.18,14.9,1.83,7.61,0.236,-0.39,-1.05,12.5,8.64,-1.21,-3.51,-3.32,-0.855,0.381,2.55,4.49,4.33,0.816,0.817,0.822,0.83,0.832,0.838,0.835,0.838,0.843,0.841,0.834,0.845,0.85,0.857,0.854,0.851,0.847,0.848,0.848
Romania,29.9,29.7,29.8,29.9,31,31.7,32.4,32.7,33.1,32.4,32,31.9,32.7,33.5,32.9,32.1,31.4,29.8,28.3,28.3,28.3,2.23,5.81,5.11,5.01,8.62,4.22,8.04,6.43,7.52,-6.44,-0.976,2.46,0.915,3.73,2.44,2.69,3.08,3.56,3.66,3.72,0.709,0.715,0.724,0.732,0.745,0.755,0.766,0.78,0.795,0.798,0.797,0.798,0.796,0.8,0.803,0.806,0.808,0.813,0.816
Russia,37.4,37.7,38.3,39.2,40,41,41.3,41.2,40.8,40.6,40.3,40.1,40.2,39.8,39.4,38.8,38.2,37.7,37.7,37.7,37.7,10.5,5.62,5.3,7.94,7.8,6.95,8.61,8.84,5.25,-7.74,4.35,4.66,3.33,1.33,1.38,2.37,2.55,2.55,2.55,2.55,0.721,0.727,0.733,0.74,0.746,0.752,0.759,0.767,0.774,0.771,0.78,0.789,0.797,0.803,0.807,0.813,0.817,0.822,0.824
Rwanda,47.2,48.2,49.1,49.9,50.6,51,51,50.7,50.1,49.1,48.2,47.4,46.6,46,45.5,45.3,45.1,45.1,45.1,45.1,45.1,3.91,4.39,6.89,-1.47,1.51,3.47,7.29,3.35,11.1,4.05,5.01,6.03,5.75,2.84,5.29,5.29,5.29,5.29,5.29,5.29,0.337,0.346,0.361,0.374,0.391,0.409,0.43,0.446,0.456,0.472,0.488,0.496,0.504,0.506,0.513,0.515,0.525,0.529,0.536
Samoa,42.1,42.1,42.1,42.1,42.1,42.1,42.1,42.1,42.1,42.1,42.1,42.1,42.1,42.1,42.1,42.1,42.1,42.1,42.1,42.1,42.1,6.12,7.22,1.13,2.46,2.69,4.39,1.77,1.39,3.85,-5.46,0.023,1.68,2.59,-0.689,1.25,1.5,1.46,-0.856,0.133,1.6,0.638,0.645,0.653,0.658,0.666,0.67,0.673,0.679,0.681,0.683,0.69,0.695,0.696,0.696,0.698,0.699,0.704,0.706,0.707
San Marino,40,40,40,40,40,40,40,40,40,40,40,40,40,40,40,40,40,40,40,40,40,0.649,3.45,-2.2,1.22,2.15,0.382,2.44,2.54,-3.96,-13.2,-5.71,-3.22,,,,,,,,,,,,,,,,,,,,,,,,,,,
Sao Tome and Principe,32.1,32,31.9,31.8,31.7,31.5,31.4,31.3,31.1,31,30.9,30.8,30.8,30.8,30.8,30.8,30.8,30.8,30.8,30.8,30.8,-1.36,1.33,0.359,5.09,2.97,1.52,10.6,0.815,7.74,3.1,2.68,3,-7.45,1.92,2.91,3.45,3.52,4.06,4.11,4.14,0.48,0.489,0.494,0.502,0.509,0.517,0.526,0.531,0.532,0.541,0.546,0.553,0.558,0.568,0.577,0.59,0.593,0.603,0.609
Saudi Arabia,40,40,40,40,40,40,40,40,40,40,40,40,40,40,40,40,40,40,40,40,40,1.87,-2.37,-2.63,4.9,2.69,3.6,2.11,2.51,4.87,-1.5,3.92,5.39,2.84,1.03,1.95,2.16,2.16,2.19,2.19,2.23,0.744,0.747,0.749,0.756,0.765,0.771,0.778,0.784,0.793,0.797,0.81,0.824,0.837,0.846,0.853,0.857,0.857,0.856,0.857
Senegal,41.2,41,40.8,40.4,40,39.7,39.6,39.5,39.6,39.8,39.9,40.1,40.2,40.3,40.3,40.3,40.3,40.3,40.3,40.3,40.3,3.06,2.02,-1.45,3.97,3.22,2.77,-0.287,2.17,0.934,-0.532,1.54,-0.0656,0.503,1.08,1.59,1.83,2.13,2.11,2.15,2.16,0.39,0.406,0.41,0.418,0.426,0.434,0.439,0.448,0.458,0.462,0.468,0.479,0.489,0.494,0.501,0.504,0.506,0.51,0.514
Serbia,32.4,32.4,33,33.8,33.3,32.6,31.6,30.1,28.6,29.5,31.8,33.1,35.4,36.4,36.3,35.2,35.1,34.1,34.1,34.1,34.1,4.84,5.03,4.27,2.77,8.68,6.53,4.01,5.83,4.24,-3.11,-1.39,0.69,-1.04,2.46,0.982,1.5,2,2.5,3,4,0.71,0.716,0.72,0.726,0.734,0.742,0.75,0.754,0.76,0.762,0.762,0.772,0.772,0.775,0.78,0.785,0.791,0.794,0.799
Seychelles,42.7,42.8,42.8,42.8,42.8,42.8,42.9,43.2,43.6,44.1,44.8,45.5,46,46.4,46.7,46.8,46.8,46.8,46.8,46.8,46.8,3.33,-2.36,-0.648,-5.95,-2.49,8.51,7.15,9.86,-4.3,-1.5,3.03,6.69,1.64,2.38,2.52,2.6,2.48,2.42,2.35,2.26,0.712,0.708,0.709,0.713,0.715,0.731,0.72,0.744,0.748,0.754,0.762,0.755,0.777,0.782,0.796,0.801,0.801,0.8,0.801
Sierra Leone,40.5,40.4,40.3,40.1,39.7,39.1,38.4,37.5,36.7,35.8,35.1,34.6,34.2,34,34,34,34,34,34,34,34,1.42,11.8,20.9,3.45,4.14,4.84,1.12,5,2.65,0.663,2.63,3.32,13,13.9,11.5,9.29,4.52,3.27,3.35,3.06,0.298,0.302,0.319,0.329,0.338,0.346,0.354,0.368,0.378,0.386,0.391,0.398,0.413,0.426,0.43,0.422,0.423,0.435,0.438
Singapore,38,39.3,40.3,41,41.5,42.2,42.4,42.5,42.6,42.7,42.5,42.2,42,41.7,41.4,40.9,40.9,40.9,40.9,40.9,40.9,8.4,-5.22,3.19,2.78,7.49,4.23,4.19,3.37,-1.28,-2.53,12.4,2.61,-0.57,2.4,2.23,2.52,2.65,2.62,2.72,2.78,0.818,0.822,0.83,0.839,0.846,0.869,0.872,0.879,0.884,0.885,0.909,0.914,0.92,0.923,0.928,0.929,0.933,0.934,0.935
Slovak Republic,26.9,27.2,27.5,28,27.9,27.7,27.4,27.1,26.7,26.7,26.6,26.9,26.8,26.7,26.7,26.7,26.4,26.5,26.5,26.5,26.5,0.706,3.22,4.12,4.17,5.42,6.03,8.15,10.4,5.66,-5.18,4.14,2.97,1.58,0.819,2.18,2.83,3.38,3.48,3.48,3.48,0.763,0.765,0.772,0.777,0.785,0.794,0.803,0.814,0.822,0.823,0.829,0.836,0.841,0.844,0.845,0.849,0.851,0.854,0.857
Slovenia,28.8,29.3,28.5,27.7,26.8,25.8,24.4,24.4,24.4,24.5,24.8,25.3,25.5,25.6,25.7,25.6,25.5,25.4,25.4,25.4,25.4,3.94,2.92,3.47,2.63,4.29,4.03,5.54,6.59,3.39,-8.84,0.517,0.442,-2.79,-1.27,0.166,0.786,1.32,1.59,1.69,1.71,0.824,0.835,0.843,0.85,0.857,0.861,0.868,0.873,0.878,0.877,0.881,0.883,0.876,0.884,0.886,0.886,0.892,0.899,0.902
Solomon Islands,46.1,46.1,46.1,46.1,45.9,45.4,44.7,43.8,42.7,41.6,40.4,39.3,38.4,37.7,37.3,37.1,37.1,37.1,37.1,37.1,37.1,-16.6,-11.4,-4.18,3.73,5.3,2.41,1.61,3.95,4.65,-6.92,3.37,7.88,2.64,0.618,1.71,1.34,1.2,1.29,1.34,1.35,0.476,0.48,0.486,0.492,0.498,0.503,0.515,0.517,0.517,0.506,0.524,0.532,0.546,0.55,0.551,0.555,0.553,0.555,0.557
Somalia,47.4,47.4,47.5,47.5,47.6,47.7,47.8,47.8,47.9,48,48,48,48,48,48,48,48,48,48,48,48,-0.296,-0.0301,0.635,0.773,0.35,0.36,-0.202,0.0303,0.0249,-0.0314,-0.118,0,0.326,0.487,,,,,,,,,,,,,,,,,,,,,,,,,
South Africa,58.8,59.2,60,61.3,62.6,63.4,63.9,63.9,63.6,63.4,63.3,63.2,63.2,63.2,63.1,63.1,63,63,63,63,63,2.91,1.58,2.54,1.86,3.54,4.27,4.63,4.58,2.75,-2.08,2.77,2.23,1.1,0.531,0.978,1.29,1.78,1.66,1.66,1.67,0.629,0.61,0.618,0.617,0.618,0.62,0.624,0.631,0.644,0.654,0.662,0.663,0.673,0.683,0.691,0.699,0.702,0.704,0.705
South Korea,31.7,31.8,31.9,31.9,32,32,32,32,32,32.1,32,31.8,31.7,31.6,31.6,31.6,31.6,31.6,31.6,31.6,31.6,5.83,3.37,7.65,3.08,4.09,2.76,3.34,4.49,-1.59,0.411,6.14,1.07,1.58,2.33,3.26,3.35,3.33,3.37,3.31,3.32,,,,,,,,,,,,,,,,,,,
South Sudan,45,45,45,45,45,45,45,45.3,45.3,45.3,45.3,45.3,45,45,45,45,45,45,45,45,45,6.59,3.16,3.12,4.22,2.33,5.79,7.28,8.69,0.537,0.381,1.84,18.1,-50,18.7,2.36,12.5,13.5,1.27,3.3,3.74,..,..,..,..,..,..,..,..,..,..,0.425,0.443,0.438,0.439,0.435,0.428,0.418,0.414,0.413
Spain,31.6,31.5,31.8,31.9,32.4,33,33.5,33.9,34.4,34.8,35.1,35.5,35.7,35.9,36,36.2,36.2,36.2,36.2,36.2,36.2,5.04,3.47,2.53,2.94,3.1,3.46,2.49,1.62,-0.7,-4.45,-0.632,0.303,-1.71,-0.888,1.09,1.19,1.37,1.42,1.47,1.54,0.825,0.828,0.83,0.833,0.837,0.844,0.848,0.853,0.856,0.858,0.865,0.87,0.873,0.875,0.88,0.885,0.888,0.891,0.893
Sri Lanka,39.1,39.8,40.3,40.6,40.7,40.5,40.2,39.6,38.7,38.1,37.7,37.8,38.1,38.7,39.2,39.6,39.7,39.8,39.8,39.8,39.8,5.04,-2.41,3.07,5.01,4.54,5.16,6.83,5.96,5.13,2.73,7.17,7.51,5.73,6.46,6.27,5.78,5.78,5.78,5.78,5.78,0.687,0.693,0.699,0.708,0.715,0.721,0.728,0.734,0.742,0.745,0.75,0.756,0.762,0.765,0.769,0.772,0.774,0.776,0.78
St. Kitts and Nevis,40,40,40,40,40,40,40,40,40,40,40,40,40,40,40,40,40,40,40,40,40,2.96,0.654,-0.219,-0.809,6.26,3.44,2.6,2.79,1.87,-6.09,-1.92,-3.77,-2.8,-0.294,0.726,0.945,1.18,1.1,1.04,1.04,..,..,..,..,..,0.713,0.72,0.725,0.74,0.742,0.747,0.751,0.748,0.767,0.768,0.769,0.772,0.774,0.777
St. Lucia,42.6,42.6,42.6,42.6,42.6,42.6,42.6,42.6,42.6,42.6,42.6,42.6,42.6,42.6,42.6,42.6,42.6,42.6,42.6,42.6,42.6,-1.33,-6.37,1.79,3.16,4.08,4.52,8.37,1.08,4.55,-0.179,-0.326,0.767,-1.91,-2.15,-0.288,0.407,0.805,1.2,1.4,1.6,0.694,0.691,0.692,0.694,0.694,0.698,0.712,0.712,0.723,0.726,0.73,0.736,0.731,0.726,0.728,0.736,0.744,0.744,0.745
St. Vincent and the Grenadines,40,40,40,40,40,40,40,40,40,40,40,40,40,40,40,40,40,40,40,40,40,1.28,0.0904,3.54,2.61,5.58,2.05,5.54,2.56,-0.604,-2.31,-2.42,0.312,1.42,2.04,2.24,2.82,3.08,3.18,3.18,3.18,0.674,0.678,0.683,0.69,0.693,0.698,0.704,0.705,0.713,0.713,0.711,0.713,0.713,0.714,0.715,0.721,0.725,0.726,0.728
Sudan,35.7,35.7,35.6,35.6,35.6,35.5,35.5,35.5,35.4,35.4,35.4,35.4,35.4,35.4,35.4,35.4,35.4,35.4,35.4,35.4,35.4,6.59,3.16,3.12,4.22,2.33,5.79,6.15,5.75,0.431,2.5,-0.0692,20.6,-5.46,0.733,0.072,1.98,3.36,2.53,2.8,1.68,0.403,0.409,0.415,0.421,0.43,0.437,0.447,0.452,0.464,0.469,0.471,0.475,0.485,0.477,0.496,0.501,0.505,0.507,0.508
Suriname,57.9,58.2,58.5,58.8,59.1,59.5,59.8,60.1,60.4,60.6,60.8,60.9,61,61,61,61,61,61,61,61,61,3.03,5.02,1.82,6.18,6.73,5.14,4.57,3.92,2.72,1.62,2.74,3.32,4.46,3.6,2.96,3.05,3.51,3.74,3.82,3.49,..,..,..,..,0.671,0.676,0.682,0.687,0.692,0.698,0.701,0.708,0.72,0.724,0.726,0.73,0.726,0.722,0.724
Swaziland,53.7,53.1,52.7,52.6,52.4,52.2,52,51.8,51.7,51.6,51.5,51.5,51.5,51.5,51.5,51.5,51.5,51.5,51.5,51.5,51.5,0.795,0.629,2.02,1.91,1.89,2.28,1.74,12.6,1.94,0.0727,0.752,-0.918,0.656,1.57,0.848,0.878,0.858,0.759,0.759,0.759,,,,,,,,,,,,,,,,,,,
Sweden,26,26.2,26.3,25.9,26,26.3,26.9,27.1,27.3,27.6,27.7,27.8,28,28.3,28.6,28.8,28.9,29,29,29,29,4.91,0.931,1.88,1.77,3.91,2.74,3.8,2.65,-1.55,-5.83,5.42,3.03,0.157,0.698,1.93,1.76,1.84,1.72,1.71,1.7,0.897,0.9,0.903,0.908,0.896,0.899,0.902,0.905,0.901,0.899,0.906,0.906,0.908,0.927,0.929,0.932,0.934,0.935,0.937
Switzerland,32.9,33.7,34.5,34.7,34.7,34.4,34.1,33.7,33.5,33,32.5,32.2,32.2,32.1,32.2,32.4,32.4,32.3,32.3,32.3,32.3,3.11,0.531,-0.256,-0.863,1.99,1.88,3.14,3.15,1.03,-4.36,1.92,0.851,-0.0307,1.35,1.54,1.61,1.4,1.41,1.19,1.14,0.889,0.891,0.891,0.896,0.901,0.906,0.912,0.915,0.917,0.927,0.932,0.932,0.935,0.938,0.939,0.943,0.943,0.943,0.946
Syria,33.8,34.3,34.8,35.2,35.4,35.6,35.6,35.5,35.4,35.3,35.3,35.3,35.2,35.2,35.2,35.2,35.2,35.2,35.2,35.2,35.2,-0.749,0.637,2.81,-1.8,-0.098,1.61,2.5,3.12,1.95,3.35,1.99,-1.95,-1.95,,,,,,,,0.59,0.597,0.6,0.61,0.623,0.635,0.643,0.649,0.646,0.648,0.644,0.642,0.631,0.572,0.551,0.54,0.539,0.544,0.549
Tajikistan,30.9,31.1,31.9,32.5,32.8,32.9,32.6,32,31.7,31.5,31.6,31.9,32.4,32.9,33.4,33.7,33.9,34,34,34,34,6.08,7.89,7.2,7.88,8.27,4.43,4.83,5.53,5.59,1.75,5.29,4.86,5.29,5.19,4.01,3.57,3.58,3.58,3.58,3.58,0.538,0.548,0.559,0.571,0.582,0.59,0.596,0.602,0.616,0.619,0.63,0.634,0.639,0.643,0.642,0.642,0.647,0.651,0.656
Tanzania,37.1,37.5,37.9,38.3,38.8,39.3,39.6,39.7,39.6,39.3,38.8,38.4,38.1,37.9,37.8,37.8,37.8,37.8,37.8,37.8,37.8,2.5,3.79,4.84,3.42,4.58,4.68,3.82,4.16,4.39,2.96,3.9,3.28,4.44,3.85,4.07,3.88,3.99,3.85,3.74,3.75,0.395,0.402,0.412,0.421,0.431,0.442,0.452,0.461,0.47,0.479,0.487,0.492,0.501,0.503,0.509,0.519,0.518,0.522,0.528
Thailand,42.3,42.5,42.4,42.3,42.1,41.7,41.3,40.7,40.2,39.3,39.2,38.7,38.2,37.5,37.2,36.6,36.2,36,36,36,36,3.96,1.4,4.54,6.08,5.53,3.76,4.41,4.7,1.92,-2.54,7.21,-0.232,6.01,2.36,2.01,3.31,4.34,4.3,4.09,4.08,0.649,0.657,0.665,0.674,0.683,0.693,0.694,0.71,0.714,0.718,0.721,0.729,0.733,0.731,0.739,0.746,0.753,0.762,0.765
Timor-Leste,35.7,35.1,34.3,33.2,31.9,30.5,29.5,28.7,28.2,28.1,28.2,28.3,28.4,28.5,28.6,28.6,28.7,28.7,28.7,28.7,28.7,12.9,14,-9.6,-5.74,-3.1,4.79,-6.17,8.25,11.2,9.5,6.38,8.85,6.14,5.33,5.9,5.7,6.72,7.14,7.17,5.94,0.505,0.512,0.522,0.525,0.519,0.496,0.537,0.582,0.599,0.611,0.62,0.627,0.601,0.613,0.608,0.628,0.628,0.624,0.626
Togo,45.2,44.7,44.2,43.7,43.2,43,43,43.2,43.7,44.5,45,45.1,45,44.5,43.9,43.5,43.2,43.1,43.1,43.1,43.1,-4.59,-2.11,1.68,2.37,-0.429,-1.7,1.48,-0.234,-0.147,1.32,1.74,2.59,3.19,2.92,3.27,3.28,3.39,3.08,2.79,2.5,0.426,0.427,0.428,0.432,0.435,0.437,0.444,0.441,0.449,0.458,0.468,0.48,0.484,0.49,0.495,0.502,0.506,0.51,0.513
Tonga,37.7,37.7,37.7,37.6,37.6,37.6,37.6,37.5,37.5,37.5,37.5,37.5,37.5,37.5,37.5,37.5,37.5,37.5,37.5,37.5,37.5,3.55,2.86,1.16,2.84,0.805,-2.58,-4.9,-2.79,0.106,0.526,1.21,1.05,0.415,0.737,1.36,1.49,1.49,1.49,1.49,1.49,0.666,0.67,0.676,0.685,0.674,0.674,0.675,0.678,0.681,0.686,0.692,0.696,0.7,0.699,0.699,0.714,0.715,0.717,0.717
Trinidad and Tobago,40.7,40.8,40.9,40.9,41,41,41.1,41.2,41.2,41.3,41.3,41.3,41.3,41.3,41.3,41.3,41.3,41.3,41.3,41.3,41.3,5.47,4.99,3.99,13.7,7.28,9.82,12.9,4.33,2.96,-4.5,-0.367,-3,0.915,1.12,1.67,1.68,1.2,1.06,1.06,1.1,0.721,0.729,0.73,0.744,0.753,0.751,0.767,0.777,0.784,0.786,0.788,0.786,0.784,0.787,0.788,0.796,0.796,0.799,0.799
Tunisia,40.6,40.2,39.8,39.3,38.8,38.3,37.8,37.4,37,36.6,36.3,36,35.9,35.8,35.8,35.8,35.8,35.8,35.8,35.8,35.8,3.55,3.78,0.627,4.5,4.92,2.97,4.62,5.25,3.47,2.02,2.06,-3.1,2.6,1.38,1.68,3.16,3.16,3.16,3.16,3.16,0.653,0.661,0.666,0.673,0.682,0.689,0.695,0.701,0.708,0.71,0.717,0.719,0.721,0.725,0.728,0.731,0.736,0.738,0.739
Turkey,41.4,41.5,41.5,41.8,41.4,40.8,40.2,39.7,39,39.1,39.4,39.6,40.1,40.9,41.3,41.6,41.9,42.1,41.9,41.9,41.9,5.6,-8.97,6.22,4.23,7.31,5.83,5.62,3.45,-0.587,-6.09,7.73,7.11,0.895,2.11,1.16,1.97,2.4,2.45,2.48,2.5,0.655,0.661,0.672,0.679,0.685,0.691,0.702,0.709,0.714,0.721,0.743,0.759,0.765,0.781,0.792,0.8,0.8,0.805,0.807
Turkmenistan,44.9,46,46.4,46.4,46.4,46.4,46.4,46.4,46.4,46.4,46.4,46.4,46.4,46.4,46.4,46.4,46.4,46.4,46.4,46.4,46.4,4.12,2.18,-0.061,4.86,12.6,7.04,9.22,9.31,12.9,4.46,7.44,12.8,9.35,8.42,8.96,10.7,7.83,6.13,6.1,6.56,..,..,..,..,..,..,..,..,..,..,0.673,0.68,0.686,0.691,0.696,0.701,0.706,0.708,0.71
Tuvalu,39.1,39.1,39.1,39.1,39.1,39.1,39.1,39.1,39.1,39.1,39.1,39.1,39.1,39.1,39.1,39.1,39.1,39.1,39.1,39.1,39.1,-13.4,12.5,4.99,5.03,3.53,3.56,,,,,,,,,,,,,,,,,,,,,,,,,,,,,,,,,
Uganda,42.6,43.6,44.2,44.3,44.1,43.9,43.6,43.5,43.6,43.6,43.4,42.9,42.4,41.9,41.7,41.9,42.2,42.5,42.7,42.8,42.8,1.78,1.74,3.48,1.06,2.36,3.26,6,5.08,4.25,3.67,2.23,3.33,-0.507,2.64,2.96,3.35,3.69,3.75,3.85,3.94,0.395,0.403,0.418,0.427,0.427,0.434,0.447,0.457,0.469,0.478,0.489,0.494,0.497,0.503,0.509,0.515,0.52,0.522,0.528
Ukraine,29.4,28.9,28.9,28.9,29.1,28.7,28.3,27.6,26.7,25.7,25.2,24.8,24.5,24.7,24.8,24.8,24.9,25.1,25,25,25,6.94,10.3,6.19,10.3,12.9,3.38,8.21,8.26,2.91,-14.4,4.51,5.6,0.472,0.227,,,,,,,0.671,0.681,0.689,0.699,0.706,0.715,0.722,0.729,0.733,0.727,0.732,0.737,0.742,0.744,0.747,0.742,0.746,0.747,0.75
United Arab Emirates,40,40,40,40,40,40,40,40,40,40,40,40,40,40,40,40,40,40,40,40,40,6.23,-1.89,-2.44,6.67,5.01,4.05,5.68,0.401,-0.799,-10.5,-1.65,2.13,1.32,1.71,1.32,1.15,1.02,1.06,1.16,1.07,0.782,0.787,0.793,0.798,0.803,0.809,0.814,0.819,0.821,0.819,0.821,0.826,0.832,0.839,0.847,0.86,0.863,0.864,0.866
United Kingdom,36.7,36.5,36.4,35.9,35.5,35.3,34.9,34.6,34.6,34.3,33.7,33.5,33.4,33.2,33.2,33.4,33.4,33.2,33.2,33.2,33.2,4.1,2.75,2.3,3.12,2.46,1.42,2.02,2.78,-1.77,-4.98,1.13,0.225,-0.409,1.15,2.2,1.79,1.65,1.57,1.75,1.78,0.867,0.871,0.874,0.878,0.886,0.89,0.889,0.892,0.896,0.899,0.905,0.899,0.897,0.914,0.918,0.916,0.918,0.919,0.92
United States,40.5,40.5,40.5,40.5,40.6,40.7,40.8,40.8,40.8,40.7,40.7,40.7,40.8,41,41.2,41.3,41.4,41.5,41.5,41.5,41.5,2.99,0.0842,0.873,1.66,2.52,2.13,1.67,0.948,-1.27,-4.33,1.98,1.11,2.06,1.16,1.98,2.15,2.23,2.1,1.79,1.42,0.881,0.884,0.886,0.889,0.892,0.896,0.899,0.902,0.907,0.908,0.911,0.914,0.916,0.914,0.915,0.917,0.919,0.919,0.92
Uruguay,44.7,44.9,45.1,45.3,45.5,45.8,45.8,45.8,45.5,44.8,43.5,42.6,41.5,40.6,40.1,40.1,39.9,39.8,39.7,39.7,39.7,-1.88,-3.96,-11.5,1.64,11.2,6.08,3.82,6.24,6.85,2.08,8.52,5.32,3.57,3.84,2.43,2.64,2.93,3.27,3.46,3.48,0.742,0.745,0.747,0.75,0.754,0.756,0.761,0.763,0.767,0.779,0.774,0.783,0.788,0.797,0.8,0.802,0.806,0.807,0.808
Uzbekistan,37.8,35.9,34.5,34,33.8,33.9,33.5,33.5,33.5,33.5,33.5,33.5,33.5,33.5,33.5,33.5,33.5,33.5,33.5,33.5,33.5,2.35,2.84,2.54,2.72,5.95,5.24,6.09,7.86,7.47,6.37,6.6,6.07,5.85,6.23,5.73,5.24,4.74,4.25,4.25,4.25,0.596,0.603,0.61,0.615,0.622,0.629,0.635,0.646,0.653,0.658,0.665,0.672,0.681,0.688,0.693,0.696,0.701,0.707,0.71
Vanuatu,37.6,37.6,37.6,37.6,37.6,37.6,37.6,37.6,37.6,37.6,37.6,37.6,37.6,37.6,37.6,37.6,37.6,37.6,37.6,37.6,37.6,0.564,-4.96,-9.54,0.513,2.75,4.09,6.04,2.82,4.07,0.996,-0.637,-0.839,-0.518,-3.38,1.19,2.17,2.17,1.97,1.87,1.68,..,..,..,..,..,0.569,0.575,0.577,0.584,0.584,0.585,0.585,0.584,0.588,0.589,0.592,0.592,0.595,0.597
Venezuela,49,49.1,49.4,50.3,50,49.3,48.6,48,46.9,46.9,46.9,46.9,46.9,46.9,46.9,46.9,46.9,46.9,46.9,46.9,46.9,2.04,1.81,-10.4,-9.23,16.8,8.27,8.42,6.97,3.57,-4.75,-3.03,2.6,4.04,-0.577,-2.04,-2.52,-0.55,-0.554,-0.56,-0.557,0.672,0.68,0.688,0.687,0.7,0.714,0.727,0.743,0.753,0.752,0.753,0.764,0.767,0.772,0.77,0.763,0.752,0.735,0.726
Vietnam,36.1,36.4,36.6,36.7,36.6,36.3,36,36.1,36.7,37.1,37.1,37,36.5,35.6,35.2,35.1,35.1,35.2,35.3,35.3,35.3,5.48,5.64,5.88,6.1,6.66,7.27,6.88,7.18,5.05,4.07,5.52,4.63,4.15,4.33,4.51,4.61,4.7,4.8,4.9,4.9,0.578,0.586,0.594,0.603,0.612,0.616,0.624,0.632,0.639,0.65,0.653,0.663,0.668,0.673,0.675,0.68,0.685,0.69,0.693
Yemen,34.9,34.9,34.9,34.8,34.8,34.8,34.9,35,35.2,35.5,35.7,36,36.2,36.4,36.6,36.7,36.7,36.7,36.7,36.7,36.7,2.71,0.362,0.437,0.224,0.494,1.11,0.0808,0.244,0.544,0.756,4.56,-13.1,-0.589,1.35,2.02,1.39,0.857,0.951,1.28,1.91,0.432,0.449,0.456,0.464,0.471,0.472,0.478,0.486,0.488,0.503,0.499,0.511,0.501,0.506,0.504,0.493,0.477,0.463,0.463
Zambia,46.3,44.9,45,46.6,48.5,50.7,53.3,54.7,55,55.3,55.6,55.9,56.2,56.5,56.8,57,57.1,57.1,57.1,57.1,57.1,0.95,2.4,0.949,1.98,3.77,2.75,3.6,3.61,3.23,3.23,4.12,3.54,3.89,2.66,3.87,3.65,3.37,3.21,2.89,2.6,0.428,0.436,0.445,0.455,0.464,0.475,0.486,0.492,0.507,0.521,0.531,0.541,0.552,0.559,0.565,0.57,0.58,0.589,0.591
Zimbabwe,41,41.7,42.3,42.7,43,43.2,43.2,43.2,43.2,43.2,43.2,43.2,43.2,43.2,43.2,43.2,43.2,43.2,43.2,43.2,43.2,-3.98,0.77,-9.28,-17.2,-5.96,-5.84,-3.57,-3.77,-17.9,5.12,8.04,8.22,7.83,1.83,3.11,3.33,3.67,2.98,2.87,2.87,0.452,0.453,0.444,0.43,0.427,0.425,0.429,0.434,0.432,0.448,0.472,0.49,0.516,0.527,0.537,0.544,0.549,0.553,0.563
